index,contour,contrast,luminance,mean_color,mean_color_r,shannon_entropy,period
0,0.001028719,0.913992008,104.7521187,"[111.63553907721281, 102.09598399246704, 110.79439500941619]",111.6355391,7.683988817,themes_variations_59_60
1,5.11E-05,0.6916029,147.4905918,"[179.380989649885, 141.84522744697162, 109.50812675696396]",179.3809896,7.577162389,themes_variations_59_60
2,0.000692734,0.834954882,126.4798976,"[162.2740019499179, 120.33982963875205, 81.9030275041051]",162.2740019,7.579553536,themes_variations_59_60
3,5.39E-05,0.848749018,113.4206876,"[103.49780652418448, 116.78484955005624, 109.31481299212598]",103.4978065,7.387632488,themes_variations_59_60
4,0.00115817,0.90483544,127.5364187,"[154.67575111455707, 119.23673192479163, 129.8371656328746]",154.6757511,7.85351082,themes_variations_59_60
5,0.005166968,0.99578156,84.10729454,"[95.23463898916968, 81.38853113718412, 78.27330776173285]",95.23463899,7.246963578,themes_variations_59_60
6,0.003903564,0.982845924,107.1564105,"[117.7867302281963, 104.82665286026884, 98.9325414191935]",117.7867302,7.612779999,themes_variations_59_60
7,0.00627551,0.957835314,79.95887673,"[100.14040391156463, 74.41277636054421, 75.47104166666666]",100.1404039,7.172347619,themes_variations_59_60
8,0.00209274,0.909773248,103.6480202,"[127.41807160917465, 97.28875519234242, 96.6484829329962]",127.4180716,7.730596757,themes_variations_59_60
9,0.002766798,0.987643113,141.3879255,"[159.17263316393752, 136.76948287220026, 134.76855354790138]",159.1726332,7.60776716,themes_variations_59_60
10,0.005726601,0.943279221,79.14849851,"[82.18655126801679, 76.83232302499543, 93.14626436781609]",82.18655127,7.094823001,themes_variations_59_60
11,0.000228515,0.790360698,107.1362373,"[181.9677134376178, 87.9233179419525, 77.10726300414625]",181.9677134,7.232090694,themes_variations_59_60
12,0.000409886,0.971869541,63.73896723,"[72.57344040968343, 61.90558203789167, 55.88617065419804]",72.57344041,6.125661726,themes_variations_59_60
13,0.00175641,0.796725754,120.0305159,"[121.06103846153846, 119.97376923076924, 117.55816346153846]",121.0610385,7.498976014,themes_variations_59_60
14,0.00080696,0.882788906,101.0472137,"[140.96642654700048, 94.09927176822548, 52.32620847110691]",140.9664265,7.45314783,themes_variations_59_60
15,0.001160776,0.965663056,86.24268421,"[145.10005197505197, 65.72064102564103, 116.21898475398476]",145.100052,7.403241321,themes_variations_59_60
16,0.00114845,1,58.5960639,"[90.7408261507427, 48.60745919677242, 62.88794241701815]",90.74082615,7.197232899,themes_variations_59_60
17,0.000720926,1,110.6229011,"[130.5737075507494, 111.37598178713716, 44.41591016884841]",130.5737076,6.986653761,themes_variations_59_60
18,0.00058953,1,87.56015024,"[124.92140900195695, 80.84897994129159, 44.02587573385519]",124.921409,6.446374675,themes_variations_59_60
19,0.000672716,0.895693123,68.21182628,"[101.43652333273735, 58.563633112819595, 65.95167620239584]",101.4365233,7.13865066,themes_variations_59_60
20,0.000662667,0.806505208,103.8731943,"[110.04390345982142, 103.24442196800595, 91.93143833705358]",110.0439035,7.150231265,themes_variations_59_60
21,0,0.60059991,214.8026044,"[218.7400076496462, 213.6806703002486, 214.3222078791356]",218.7400076,6.192120631,themes_variations_59_60
22,0.004480189,0.972910275,108.6946859,"[122.95303980370774, 104.78104780079971, 105.47734460196293]",122.9530398,7.655490363,themes_variations_59_60
23,0.000908366,0.867526303,135.6492844,"[180.02005494505494, 127.53433179723503, 85.38042360864941]",180.0200549,7.877645701,themes_variations_59_60
24,0.001421429,0.850336735,111.8814992,"[118.33692142857143, 109.75136428571429, 113.9736]",118.3369214,7.353000825,themes_variations_59_60
25,0.002164208,0.977780522,118.0635776,"[143.66178183229815, 112.59537072981367, 96.85420548654244]",143.6617818,7.581823777,themes_variations_59_60
26,0.000204845,0.864391398,175.1987713,"[210.47561453509084, 168.51397844674028, 137.5409734592091]",210.4756145,7.629555893,themes_variations_59_60
27,0.001771872,0.917361087,87.75930419,"[94.80562015503875, 87.19203119232189, 72.63003645256552]",94.80562016,6.7702202,themes_variations_59_60
28,0,0.560153732,199.4048851,"[194.13821522680217, 202.58021362695277, 183.45888857519293]",194.1382152,5.851885159,themes_variations_59_60
29,0.00851198,1,153.7034409,"[173.97161322284273, 149.58145604395605, 134.85344307332014]",173.9716132,7.887489576,themes_variations_59_60
30,0.00051698,0.786954392,199.8934505,"[224.5291073800038, 193.88124881426674, 186.90710728514514]",224.5291074,6.583209621,themes_variations_59_60
31,0.011029276,1,139.390204,"[158.373165647582, 137.36699555308505, 103.53454002223458]",158.3731656,7.761936506,themes_variations_59_60
32,0,0.611679072,153.1990976,"[171.27748312011371, 150.34976012793177, 128.19052949538025]",171.2774831,7.58011779,themes_variations_59_60
33,0.000150308,0.703012734,118.9073002,"[169.7261500279642, 107.13593050894855, 85.87123531879195]",169.72615,7.511034695,themes_variations_59_60
34,0.002669126,0.991053159,62.06755299,"[89.97206291759466, 55.819769626948776, 41.78937917594655]",89.97206292,7.155082892,themes_variations_59_60
35,0,0.65101846,150.0523287,"[168.39340759361997, 147.3805911927878, 122.51096133841887]",168.3934076,7.507515936,themes_variations_59_60
36,0.000895843,0.91417913,123.2723338,"[156.18338907469342, 115.98473084886129, 98.5521579869406]",156.1833891,7.710322508,themes_variations_59_60
37,0.001850378,0.7322346,197.9790867,"[218.3877710903303, 193.4428397333864, 182.81894150417827]",218.3877711,6.159439109,themes_variations_59_60
38,0.000448198,0.724238674,167.9284338,"[197.63424702774108, 164.376877712776, 115.63781137950556]",197.634247,7.632290203,themes_variations_59_60
39,0.002239011,0.840340954,99.0239141,"[119.72901556776557, 95.51706501831502, 72.79391254578755]",119.7290156,7.562198534,themes_variations_59_60
40,0.000373201,0.943805593,78.77412327,"[116.39712904676259, 68.05272706834532, 74.19367356115107]",116.397129,7.432006104,themes_variations_59_60
41,0.003641152,1,65.92457796,"[70.41248244382022, 65.63724719101124, 55.55574789325843]",70.41248244,7.099964973,themes_variations_59_60
42,0.001176075,1,100.0291525,"[130.22737567204302, 94.58256384408602, 65.06042674731182]",130.2273757,7.794130596,themes_variations_59_60
43,0,0.540011242,203.6510517,"[224.20716506751955, 203.2718105899076, 146.8782471570718]",224.2071651,7.134336637,themes_variations_59_60
44,0.038476124,0.992749518,122.5239578,"[149.23477059925094, 118.62581460674157, 82.48563670411986]",149.2347706,7.70796392,themes_variations_59_60
45,0.001710028,0.821360921,209.4087378,"[206.53828287606433, 211.9225, 192.96020577105014]",206.5382829,6.223787439,themes_variations_59_60
46,0.000402407,0.809836745,130.4693904,"[138.79170896171695, 131.0473934164733, 100.23791328306264]",138.791709,7.419164763,themes_variations_59_60
47,6.06E-05,0.850802278,206.4381587,"[230.10788139329807, 203.09041005291004, 169.90251873897708]",230.1078814,6.970694571,themes_variations_59_60
48,0.001840909,0.998867451,93.17195436,"[117.83367727272727, 87.45106818181819, 77.22313863636364]",117.8336773,7.47646538,themes_variations_59_60
49,0.000325106,0.998843769,98.787342,"[160.80634288747345, 83.09525610403396, 71.60922903397028]",160.8063429,7.275047959,themes_variations_59_60
50,0.000223791,1,44.66405094,"[52.58471530084902, 43.21647978959025, 35.680251015134736]",52.5847153,5.692655283,themes_variations_59_60
51,0.003113136,0.976618073,92.90569773,"[103.83955201214883, 91.02844343204252, 79.3056264236902]",103.839552,6.92085077,themes_variations_59_60
52,0.002676161,0.946058316,80.88719848,"[139.00008099352053, 66.82955588552916, 49.020538606911444]",139.000081,7.307654027,themes_variations_59_60
53,4.17E-05,0.8089812,124.4632417,"[178.6687917439703, 113.09561688311689, 77.45528293135436]",178.6687917,7.717788702,themes_variations_59_60
54,0.000546593,0.904212071,165.5680374,"[178.10775313097008, 165.27505041392484, 131.54588728507747]",178.1077531,7.621214111,themes_variations_59_60
55,2.25E-06,0.703513484,144.2454344,"[161.7591081081081, 143.3729099099099, 101.31776801801801]",161.7591081,7.677694272,themes_variations_59_60
56,0.005966278,0.834270553,100.3567789,"[121.51835047248471, 96.60766166388734, 75.18252038169354]",121.5183505,7.401584909,themes_variations_59_60
57,0.000725911,0.781418191,139.4027533,"[153.42692708333334, 138.76264322916666, 104.4480078125]",153.4269271,7.767497728,themes_variations_59_60
58,0.001134615,0.934634965,88.18935181,"[93.64903365384616, 86.20467548076923, 91.77262259615385]",93.64903365,7.410294851,themes_variations_59_60
59,0.000484262,0.798027096,165.8248216,"[214.04799485472154, 155.30138468523003, 128.0701876513317]",214.0479949,7.493371138,themes_variations_59_60
60,0,0.575291811,142.1092679,"[223.61648181011535, 124.61606033717835, 75.38777728482698]",223.6164818,7.107660812,themes_variations_59_60
61,0.002477252,0.925898235,78.09100989,"[110.1994017288444, 68.00872838944495, 83.41792993630573]",110.1994017,7.43874024,themes_variations_59_60
62,0.001668736,0.902598108,150.9035815,"[185.66335943468297, 144.8963283040489, 108.05674894957983]",185.6633594,7.682000803,themes_variations_59_60
63,0.000216195,0.69656744,169.9472111,"[196.20526729559748, 166.3385220125786, 128.3747969077568]",196.2052673,7.321568052,themes_variations_59_60
64,0.000415968,0.742482525,114.9219623,"[122.91540827740492, 115.03215184563759, 90.29295651565995]",122.9154083,7.311880012,themes_variations_59_60
65,0.000420121,0.92563619,120.0614765,"[146.0717212245952, 115.19035340278822, 91.7242078404619]",146.0717212,7.707163852,themes_variations_59_60
66,0.001276596,0.874504721,128.2883331,"[146.60316109422493, 124.42186930091185, 112.65900455927051]",146.6031611,7.58935951,themes_variations_59_60
67,0,0.655254844,149.437233,"[105.73218806509946, 160.2696993670886, 170.82660488245932]",105.7321881,6.829601228,themes_variations_59_60
68,0.013892168,0.992749518,136.4884652,"[168.83228305785124, 132.2663764266037, 83.07215171192443]",168.8322831,7.719440888,themes_variations_59_60
69,0.00391129,0.951633089,88.63863679,"[123.7330309139785, 81.24335125448029, 58.55608870967742]",123.7330309,7.488123062,themes_variations_59_60
70,0.000655657,0.978680766,152.3142679,"[170.34172708557108, 150.23935732187613, 119.7843268886502]",170.3417271,7.757367136,themes_variations_59_60
71,0.000831839,0.983914547,189.6400878,"[192.6746189479976, 188.69925532974696, 190.0243275552899]",192.6746189,6.9878413,themes_variations_59_60
72,8.93E-06,0.657796257,119.6589924,"[134.96294642857143, 117.37002678571429, 97.26906919642857]",134.9629464,7.167540463,themes_variations_59_60
73,0.001206897,0.728477377,88.3042683,"[110.01572660098522, 83.30577586206897, 73.88689655172413]",110.0157266,5.546317753,themes_variations_59_60
74,0.000136314,0.639745838,88.11491912,"[62.97835332606325, 93.35689749182116, 110.20592966194111]",62.97835333,7.131055548,themes_variations_59_60
75,0.006260653,0.994866594,82.300487,"[103.2508203125, 79.82218039772727, 45.15982244318182]",103.2508203,7.041356322,themes_variations_59_60
76,0.002287804,0.937372427,75.06993969,"[100.46946337695384, 68.86529671028717, 61.740603416939294]",100.4694634,7.315374991,themes_variations_59_60
77,0.000104736,0.952841052,190.3631301,"[199.90419103784987, 187.81160471149354, 187.54348141344806]",199.904191,6.413255021,themes_variations_59_60
78,0,0.556034843,203.3020316,"[208.32782450818166, 204.3342112520684, 178.2785070785071]",208.3278245,7.092875445,themes_variations_59_60
79,0.024717282,0.995010128,129.7808844,"[159.87884689735162, 124.24450512275276, 95.99683452542045]",159.8788469,7.645396027,themes_variations_59_60
80,0.000488755,0.62019806,95.40474724,"[138.05187196524406, 83.8499009711219, 84.28628929210325]",138.051872,6.680255477,themes_variations_59_60
81,0.003041475,0.803639579,65.03990706,"[40.402661290322584, 68.82753456221198, 100.06715437788019]",40.40266129,6.780621435,themes_variations_59_60
82,0.026578341,0.984269026,142.6902915,"[131.94482718894008, 144.12676267281105, 160.1019470046083]",131.9448272,6.710814552,themes_variations_59_60
83,0.007534215,0.883399194,120.5829463,"[131.25369069343066, 118.13640282846715, 113.39690237226277]",131.2536907,7.459407558,themes_variations_59_60
84,0.000340136,0.949609366,144.3875955,"[159.710723733938, 142.78034060846562, 115.18831018518519]",159.7107237,7.570793831,themes_variations_59_60
85,0,0.522433157,150.3495661,"[138.25652265493352, 154.8811130874368, 141.07004540348248]",138.2565227,6.891474258,themes_variations_59_60
86,0.003175087,0.955148859,95.19119448,"[52.08545731707317, 109.6158405923345, 79.2323693379791]",52.08545732,7.527694692,themes_variations_59_60
87,0.000609756,0.649360512,65.22143121,"[73.69413854758848, 62.57030304419585, 66.53430221896204]",73.69413855,6.515628148,themes_variations_59_60
88,0.00013087,0.915408052,121.3541101,"[90.9261662817552, 128.7703156274057, 137.4886066204773]",90.92616628,7.351464413,themes_variations_59_60
89,0.000858008,1,111.8720798,"[144.87212795616227, 105.52797779273217, 77.54370794078062]",144.872128,7.794431972,themes_variations_59_60
90,0.00112782,0.941902788,51.62215982,"[65.87696741854637, 47.64044799498747, 49.089586466165414]",65.87696742,6.895287869,themes_variations_59_60
91,0.009295879,0.886740676,76.4138528,"[72.3258893919793, 72.09714008501201, 131.21183006837921]",72.32588939,6.977064898,themes_variations_59_60
92,0.000929368,0.843770402,138.4047384,"[146.90707315454063, 136.03863847583642, 136.80693043016464]",146.9070732,7.06459984,themes_variations_59_60
93,0.002803532,1,84.16802075,"[141.43000367917585, 70.60538999264165, 49.90342163355408]",141.4300037,7.080534338,themes_variations_59_60
94,0.002426945,0.811125496,92.37540179,"[135.42340778785868, 83.49045448773123, 53.62897847262397]",135.4234078,6.36442836,themes_variations_59_60
95,0.001646455,0.962493715,113.3913253,"[120.60535680970149, 113.65812733208955, 89.50600746268657]",120.6053568,7.215700224,themes_variations_59_60
96,8.65E-06,0.681400349,172.9974748,"[191.96951746800414, 169.05868644067797, 156.14934711172606]",191.9695175,7.270018661,themes_variations_59_60
97,0.000888544,1,53.57219281,"[97.64812801932368, 44.52204968944099, 13.435330400276053]",97.64812802,6.782162865,themes_variations_59_60
98,0,0.588840999,129.1597486,"[218.76058102345417, 110.14175106609808, 53.710092395167024]",218.760581,7.364991095,themes_variations_59_60
99,0.000453995,0.857807446,113.734414,"[122.68931598062954, 115.0509382566586, 74.32457627118644]",122.689316,7.040160837,stripe_paintings_61_62
100,0,0.62087854,172.8066214,"[170.09657224958949, 177.43474958949096, 134.94123563218392]",170.0965722,7.055412993,stripe_paintings_61_62
101,0.000642361,1,93.18441747,"[114.18274305555556, 90.19880208333333, 60.92774305555555]",114.1827431,7.438568873,stripe_paintings_61_62
102,0.012373354,0.992749518,143.9402598,"[159.1035587639311, 145.3202001013171, 85.62099797365755]",159.1035588,7.419100673,stripe_paintings_61_62
103,0.000570437,1,137.4516591,"[158.75488591269843, 135.55761408730157, 93.4842757936508]",158.7548859,7.514636685,stripe_paintings_61_62
104,0.000350068,0.920256491,163.8808685,"[179.72744193989072, 161.29325478142076, 142.85150273224045]",179.7274419,7.078046284,stripe_paintings_61_62
105,0.003824522,0.991697356,199.6137524,"[217.38375515560554, 196.9808773903262, 173.36901012373454]",217.3837552,5.965702566,stripe_paintings_61_62
106,4.64E-05,0.690866939,154.3008134,"[189.50169294990724, 149.88529684601113, 94.38766233766233]",189.5016929,7.394866615,stripe_paintings_61_62
107,0.004280462,0.940121018,121.6201468,"[182.61901260504203, 109.66617647058824, 60.416832983193274]",182.6190126,7.359871767,stripe_paintings_61_62
108,0.011607143,0.941431208,148.8272247,"[195.08205574912893, 141.41809668989546, 86.01879355400696]",195.0820557,7.329802325,stripe_paintings_61_62
109,0.000656288,0.970799704,186.5616475,"[200.42075193325192, 184.96531847781847, 161.56509462759462]",200.4207519,6.340074996,stripe_paintings_61_62
110,0.000226757,0.648878885,167.8869106,"[183.97191987906274, 166.89235638699924, 130.37489134542707]",183.9719199,6.669289194,stripe_paintings_61_62
111,0.000408163,0.997167023,144.2973867,"[165.35785714285714, 140.99053571428573, 115.03982142857143]",165.3578571,7.567263008,stripe_paintings_61_62
112,0.012326067,0.964643388,121.3592529,"[144.1562615955473, 120.11034322820038, 66.60269016697588]",144.1562616,7.607993718,stripe_paintings_61_62
113,0.000728022,0.980098908,113.2358234,"[133.74065934065933, 109.5890521978022, 88.98156593406594]",133.7406593,6.225508426,stripe_paintings_61_62
114,0.005357143,0.9921875,125.894728,"[148.92830598455598, 124.15427123552124, 75.31073841698841]",148.928306,7.442740491,stripe_paintings_61_62
115,0.009380952,1,146.4285909,"[168.66519047619047, 143.1982619047619, 112.94978571428571]",168.6651905,7.469496925,stripe_paintings_61_62
116,0.01017642,0.949529361,150.4474174,"[174.5151678141136, 148.42586058519794, 99.60273235800344]",174.5151678,7.444894302,stripe_paintings_61_62
117,0.000575912,0.935035218,139.3810705,"[136.17687711467858, 142.67435749766037, 116.1934345979411]",136.1768771,7.434309823,stripe_paintings_61_62
118,0.000201149,1,159.314953,"[182.31366379310344, 155.2332327586207, 132.02576149425286]",182.3136638,6.869801885,stripe_paintings_61_62
119,0.001826609,0.968703026,115.0950249,"[127.51224100327154, 114.48102508178845, 84.61348146128681]",127.512241,7.29349713,stripe_paintings_61_62
120,0.000542445,0.916976735,142.1205017,"[161.3831129236617, 137.9578159645233, 126.63465315172633]",161.3831129,7.380191323,stripe_paintings_61_62
121,0.002490079,0.929420427,115.5762231,"[146.83762896825397, 108.48378968253968, 93.78028769841269]",146.837629,7.598874956,stripe_paintings_61_62
122,0.000230415,0.853471663,131.1763831,"[143.92089093701998, 131.95284178187404, 85.9574692780338]",143.9208909,7.238142672,stripe_paintings_61_62
123,0.001257953,0.787791818,183.6507106,"[201.95594997108154, 182.0916136495084, 145.19326200115674]",201.95595,7.152981962,stripe_paintings_61_62
124,0.008369565,0.972049485,153.5394515,"[191.6739751552795, 147.78063664596274, 98.29436335403727]",191.6739752,7.252047209,stripe_paintings_61_62
125,0.001741071,0.986748775,190.4576576,"[214.1066517857143, 189.01964285714286, 135.06558035714286]",214.1066518,7.124088346,stripe_paintings_61_62
126,8.17E-05,0.925353725,112.5364713,"[128.67222222222222, 110.6312091503268, 83.89634395424837]",128.6722222,7.37581992,stripe_paintings_61_62
127,0.002050581,0.993352365,208.7610255,"[219.32234278879017, 207.83735475051265, 186.8119019138756]",219.3223428,5.991738301,stripe_paintings_61_62
128,0.000367647,0.877878223,95.57801858,"[111.85880821078432, 93.17633272058823, 71.42829350490196]",111.8588082,7.165120841,stripe_paintings_61_62
129,0.000313187,0.995465953,189.2135515,"[202.87929120879122, 188.56142857142856, 155.43324725274726]",202.8792912,4.772125084,stripe_paintings_61_62
130,0.011354962,0.959005317,154.0414571,"[172.64809160305344, 151.82986641221373, 121.1600054525627]",172.6480916,7.434649068,stripe_paintings_61_62
131,0.001027397,0.914760854,170.8809282,"[185.0155577299413, 169.67729941291586, 141.1830479452055]",185.0155577,7.095948075,stripe_paintings_61_62
132,0.008896104,0.993352365,154.823694,"[157.57852272727274, 155.85077922077923, 136.53771103896105]",157.5785227,6.948747368,stripe_paintings_61_62
133,0.013906926,0.968224368,145.6054069,"[164.54234307359306, 145.91569264069264, 86.77010281385282]",164.5423431,7.541798808,stripe_paintings_61_62
134,0.001086957,0.832877518,135.6670631,"[165.06653726708075, 129.87558229813664, 106.46677018633541]",165.0665373,7.531060187,stripe_paintings_61_62
135,0.008893211,0.970429646,170.715796,"[197.16990806223478, 167.5901343705799, 123.78129420084866]",197.1699081,6.263248083,stripe_paintings_61_62
136,0.000300253,0.949863993,155.4154933,"[166.9114570164349, 156.05298672566371, 115.24960493046777]",166.911457,7.128200957,stripe_paintings_61_62
137,0.000909704,0.916611611,124.3330209,"[127.02981805929919, 126.54715296495957, 94.45924865229111]",127.0298181,7.287226708,stripe_paintings_61_62
138,0.000117883,0.662276794,182.9659172,"[203.3052261613692, 179.65828239608803, 155.83964809640239]",203.3052262,5.676948056,stripe_paintings_61_62
139,0.002003484,0.98063329,137.9282939,"[154.7802700348432, 136.45039198606273, 102.94581881533101]",154.78027,7.496772773,stripe_paintings_61_62
140,0.004721135,0.993352365,133.9685521,"[159.63390410958905, 131.75278864970645, 80.34334637964776]",159.6339041,7.543236145,stripe_paintings_61_62
141,0.000222646,0.963467143,161.3097651,"[184.17121046892038, 158.45598418756816, 122.26102326426754]",184.1712105,6.370394858,stripe_paintings_61_62
142,0.002155172,0.877200667,114.3215481,"[137.99321120689655, 111.87410201149426, 68.86196120689655]",137.9932112,7.584846386,stripe_paintings_61_62
143,0.003701637,0.964103588,148.7929571,"[167.16434151785714, 147.46151413690475, 107.88563988095238]",167.1643415,7.288577679,stripe_paintings_61_62
144,0.000426033,0.932014182,140.2431136,"[170.24120739666424, 136.91675126903553, 84.86111312545323]",170.2412074,7.585183739,stripe_paintings_61_62
145,0.016022838,0.974705188,136.5916694,"[158.71433430515063, 134.7884961127308, 89.31121234207968]",158.7143343,7.427056276,stripe_paintings_61_62
146,0.002864583,1,150.5392037,"[159.35590277777777, 152.44137731481482, 105.7349826388889]",159.3559028,6.990280382,stripe_paintings_61_62
147,0.008438375,0.97468378,146.4945883,"[167.44730392156862, 144.59037114845938, 103.66008403361344]",167.4473039,7.215531123,stripe_paintings_61_62
148,0.000880282,0.955487372,133.7621508,"[151.51124245472838, 130.49840291750502, 113.82829476861167]",151.5112425,7.846519341,stripe_paintings_61_62
149,0.00280112,0.839168556,146.8500552,"[162.3549019607843, 144.03245798319327, 129.10511204481793]",162.354902,7.4589862,stripe_paintings_61_62
150,0.000858951,0.705032015,133.3872654,"[156.6776672694394, 131.69003164556963, 81.61887432188065]",156.6776673,7.546180241,stripe_paintings_61_62
151,0.000299282,0.975161837,132.486862,"[148.241709896249, 129.74796488427774, 113.22617717478053]",148.2417099,6.903108373,stripe_paintings_61_62
152,0.002534418,0.847138181,151.4006307,"[156.30804130162704, 151.90644555694618, 131.93976846057572]",156.3080413,6.866129357,stripe_paintings_61_62
153,0.000183917,0.880399343,121.1769949,"[133.86390178858798, 120.84268242218033, 87.13078762241942]",133.8639018,7.537674249,stripe_paintings_61_62
154,0.003328804,0.820497517,158.5383771,"[174.67408773291925, 155.38035714285715, 142.30795807453416]",174.6740877,6.998248062,stripe_paintings_61_62
155,0.000168683,0.880694777,121.1416143,"[150.51867729176362, 117.43526058631922, 71.35242554676594]",150.5186773,7.564969812,stripe_paintings_61_62
156,0.005056391,0.956708402,168.2572438,"[180.7436090225564, 168.57415413533835, 128.35065789473686]",180.743609,7.345498064,stripe_paintings_61_62
157,0.001504788,0.952104576,140.9373326,"[155.8281121751026, 139.4061559507524, 112.25752393980848]",155.8281122,7.537221752,stripe_paintings_61_62
158,0.00170068,0.860321011,117.379675,"[134.2513775510204, 114.52482993197279, 95.97886054421768]",134.2513776,7.141325365,stripe_paintings_61_62
159,0.000393801,0.739426884,128.9707862,"[154.69386432926828, 124.59814532520325, 96.54123475609757]",154.6938643,7.391405241,stripe_paintings_61_62
160,0.000207641,0.908863007,127.1502338,"[141.64327242524917, 127.5624792358804, 80.39042774086379]",141.6432724,7.274580537,stripe_paintings_61_62
161,0.01192351,0.969666563,127.2427783,"[157.0136529808774, 123.89793307086615, 72.71293588301462]",157.013653,7.724528143,stripe_paintings_61_62
162,0,0.529808082,196.5945879,"[227.566238317757, 192.63734423676013, 144.5952492211838]",227.5662383,7.089225914,stripe_paintings_61_62
163,0.001541514,0.723404936,127.8017177,"[149.68910256410257, 124.05895909645909, 100.42724358974358]",149.6891026,7.057943103,stripe_paintings_61_62
164,0.003426535,1,152.7913762,"[157.49550438596492, 156.07302631578946, 106.43218201754387]",157.4955044,7.615385695,stripe_paintings_61_62
165,0.001276455,0.925912399,139.1406394,"[169.02675264550265, 133.70748677248676, 104.95785714285714]",169.0267526,7.670163776,stripe_paintings_61_62
166,0.000110294,0.870064954,191.6484265,"[211.22585609243697, 188.9435661764706, 160.79461134453783]",211.2258561,7.001075979,stripe_paintings_61_62
167,0.000691853,0.713281305,190.6294349,"[205.29130130597014, 190.2359608208955, 151.353809079602]",205.2913013,6.3627749,stripe_paintings_61_62
168,0.000126422,0.988793271,157.251293,"[177.12428097345133, 156.05654235145386, 110.56830752212389]",177.124281,6.846401543,stripe_paintings_61_62
169,0.000997807,0.994382486,139.729389,"[173.4241995614035, 134.87235745614035, 88.62457236842106]",173.4241996,7.727727248,stripe_paintings_61_62
170,0.005729592,0.951197117,185.2657889,"[224.08475, 178.06230102040817, 142.3159744897959]",224.08475,6.444503027,stripe_paintings_61_62
171,0.003125,0.912859139,153.2860905,"[190.46631009615385, 148.79804086538462, 88.26307692307692]",190.4663101,7.421606982,stripe_paintings_61_62
172,0.003697289,0.861315227,186.4677923,"[210.606453313253, 183.05913403614457, 149.15467620481928]",210.6064533,6.831233586,stripe_paintings_61_62
173,0.000834732,0.748307409,191.4925911,"[205.52641359060402, 190.6475293624161, 158.5396476510067]",205.5264136,7.191799503,stripe_paintings_61_62
174,0.000546448,0.736894306,189.633043,"[217.91667349726777, 185.8809699453552, 143.51646174863387]",217.9166735,7.160978274,stripe_paintings_61_62
175,0.000899673,0.848954658,170.7028334,"[188.10936023264267, 167.97609505634315, 146.45817430025446]",188.1093602,6.596479943,stripe_paintings_61_62
176,0.007546543,0.998333938,180.6980804,"[202.78470269756838, 176.75629274316108, 154.70847739361702]",202.7847027,6.947966156,stripe_paintings_61_62
177,0.000200535,0.802672144,206.5672273,"[215.08984912146676, 207.32228800611153, 173.9920359052712]",215.0898491,5.682867636,stripe_paintings_61_62
178,0.00045208,0.746638206,159.9408238,"[184.62891613924052, 156.114268761302, 125.14946315551538]",184.6289161,6.887648603,stripe_paintings_61_62
179,0.005665025,0.997726534,164.0294786,"[196.27615968801314, 161.4363095238095, 94.76341338259442]",196.2761597,7.387445723,stripe_paintings_61_62
180,0.000366136,0.945704914,183.4350905,"[207.3664889516958, 179.35689876670094, 153.36455549845837]",207.366489,6.398678629,stripe_paintings_61_62
181,0.003026786,0.99003948,153.1626124,"[185.70500892857143, 148.040125, 108.08075]",185.7050089,7.257119721,stripe_paintings_61_62
182,0.001241112,0.912239997,126.3214213,"[151.50229290252008, 120.72567209390382, 107.60433758256552]",151.5022929,7.553088427,stripe_paintings_61_62
183,0.003080357,0.956867509,174.2852696,"[206.95666294642857, 172.28584821428572, 97.88704241071429]",206.9566629,7.24474361,stripe_paintings_61_62
184,0.00046272,1,170.773505,"[186.73707014407404, 168.54367441371332, 145.85551232166017]",186.7370701,6.936644565,stripe_paintings_61_62
185,0.000763942,0.963007302,137.9332865,"[162.1210179526356, 134.34216004583652, 102.28317417876241]",162.121018,7.311612944,stripe_paintings_61_62
186,0.007492711,1,191.5249493,"[200.4929409620991, 191.80337099125364, 162.35982142857142]",200.492941,5.930753784,stripe_paintings_61_62
187,0.000281955,0.940245144,160.6154459,"[203.39952336197638, 154.02406015037593, 99.9265843179377]",203.3995234,7.502456824,stripe_paintings_61_62
188,0.000315664,0.924638366,174.2391412,"[182.6547931469882, 172.9165531925429, 162.5597410314179]",182.6547931,6.332379341,stripe_paintings_61_62
189,0.001222426,0.783690916,165.1300575,"[177.62693014705883, 163.74556985294117, 142.04626838235293]",177.6269301,7.108233453,stripe_paintings_61_62
190,0,0.65078354,221.7693931,"[240.88632903981264, 219.51843286494926, 187.77529599271404]",240.886329,5.127224663,stripe_paintings_61_62
191,0,0.593994609,210.9061756,"[225.52595588235295, 208.30768099547512, 193.59700791855204]",225.5259559,4.817442738,stripe_paintings_61_62
192,0.008802711,0.984931644,174.2101378,"[189.56260542168675, 175.29480421686748, 118.25878012048193]",189.5626054,7.258798266,stripe_paintings_61_62
193,0.00021874,0.984546994,185.7613996,"[197.33307349665924, 184.062420458161, 168.51724467069678]",197.3330735,6.789786747,stripe_paintings_61_62
194,0.002972973,0.977811284,109.7792105,"[128.0642277992278, 108.22091698841699, 71.37334942084942]",128.0642278,7.01496924,stripe_paintings_61_62
195,0.000553221,0.947927851,140.5296925,"[189.92038515406162, 129.23546218487394, 106.97252100840336]",189.9203852,6.786291006,stripe_paintings_61_62
196,0.000574353,1,145.1385538,"[155.09036131996658, 144.98613199665832, 117.34434001670844]",155.0903613,6.937880989,stripe_paintings_61_62
197,0.000940206,0.95401149,169.656945,"[187.2462527056277, 166.5072646103896, 149.06365665584417]",187.2462527,6.882606335,stripe_paintings_61_62
198,0.001346261,0.783976669,113.2513727,"[144.14754464285716, 107.9111328125, 75.17399553571428]",144.1475446,7.299723705,stripe_paintings_61_62
199,0.000750897,0.944941283,110.687328,"[156.0105320642846, 100.6730086596973, 76.42871352785146]",156.0105321,7.72466033,stripe_paintings_61_62
200,0.000667557,0.926654523,156.9830576,"[181.3611481975968, 152.84284879839785, 126.21152369826436]",181.3611482,7.372040118,stripe_paintings_61_62
201,0.003940887,0.860306316,139.3311932,"[206.3853961412151, 124.28432881773399, 90.93498563218391]",206.3853961,7.310982396,stripe_paintings_61_62
202,0.000769704,1,115.1064987,"[129.30320581896552, 113.66440886699507, 87.58797721674877]",129.3032058,7.54798915,stripe_paintings_61_62
203,0.000977699,0.99104265,155.7907776,"[192.34965255332904, 151.0507433742728, 95.09348739495799]",192.3496526,7.18817303,stripe_paintings_61_62
204,0.000548738,0.937963871,194.8336304,"[206.4865110246433, 193.78518407662378, 170.9062955203033]",206.486511,4.143315441,stripe_paintings_61_62
205,4.01E-05,0.901570528,125.7226173,"[152.8672451845907, 121.50246789727127, 87.59661918138042]",152.8672452,7.314335311,stripe_paintings_61_62
206,0.005297784,0.988283939,175.254302,"[185.30124159081916, 174.0585278986941, 157.5152206173328]",185.3012416,6.497180204,stripe_paintings_61_62
207,0.007742896,0.912471728,201.2910207,"[215.2593029953917, 200.50030721966206, 167.99270353302612]",215.259303,6.417721087,stripe_paintings_61_62
208,0.000545492,0.843111851,186.9661661,"[212.36524804446273, 183.37565356113626, 147.74303211198023]",212.365248,7.176950721,stripe_paintings_61_62
209,0.006464286,0.943760529,165.4008043,"[200.48638392857143, 159.62958035714286, 119.25655357142857]",200.4863839,7.235860531,stripe_paintings_61_62
210,0.000661765,0.944411873,155.2174664,"[182.07539522058823, 152.20545036764705, 105.96813419117647]",182.0753952,7.426544217,stripe_paintings_61_62
211,0.00042437,0.762396636,160.5647134,"[176.58407983193277, 158.38556302521008, 134.9803781512605]",176.5840798,7.038575092,stripe_paintings_61_62
212,0.000280724,0.975038749,170.8850012,"[200.9418590143481, 167.46846537741735, 116.22320648783531]",200.941859,7.518498095,stripe_paintings_61_62
213,0.000489081,0.877295573,176.3883904,"[191.90739877161056, 171.98666969972703, 174.29378412192904]",191.9073988,6.042243595,stripe_paintings_61_62
214,3.50E-05,0.921400538,156.4116201,"[180.54909463785515, 151.66020908363345, 132.4030612244898]",180.5490946,7.1812435,stripe_paintings_61_62
215,0.000527408,0.904365029,193.1946543,"[200.25715516332056, 192.9590819591435, 174.7319626595408]",200.2571552,6.473061732,stripe_paintings_61_62
216,0.000717439,0.993346837,132.288968,"[160.25905077262692, 126.52538631346579, 107.02129552980132]",160.2590508,7.591974045,stripe_paintings_61_62
217,0.000311791,0.87293201,136.5582911,"[163.49566326530612, 132.08456632653062, 101.55445011337868]",163.4956633,7.472037867,stripe_paintings_61_62
218,0.000278564,1,142.5339767,"[174.24209573332095, 136.3278703746692, 110.64285714285714]",174.2420957,7.394315984,stripe_paintings_61_62
219,0.001544557,0.915782214,157.2495811,"[183.53217730822232, 154.5411001378043, 106.68760909508498]",183.5321773,7.291463315,stripe_paintings_61_62
220,0.003983516,0.880016603,187.4632457,"[215.03968635531135, 184.18266941391943, 138.75849358974358]",215.0396864,6.963361907,stripe_paintings_61_62
221,0.01650364,0.988843756,145.3419454,"[151.77212238398545, 146.64372156505914, 113.5125]",151.7721224,6.916309843,stripe_paintings_61_62
222,0.000433607,0.998868092,200.6687009,"[210.6672370384185, 199.6023964938456, 181.78964472211862]",210.667237,5.892800588,stripe_paintings_61_62
223,0.000112524,0.701274136,187.4421833,"[227.20948630136985, 182.90601272015655, 115.27792563600782]",227.2094863,5.160846945,stripe_paintings_61_62
224,0.000378667,0.722578764,200.857999,"[217.02456951530613, 196.92335379464285, 192.2298190369898]",217.0245695,6.415416371,stripe_paintings_61_62
225,0.003272218,0.797195351,210.3764186,"[225.8810797046091, 209.22844728800612, 176.09301311433666]",225.8810797,6.29862243,stripe_paintings_61_62
226,0.001210762,0.936866457,193.24164,"[203.0056390134529, 193.48838565022422, 162.04636771300449]",203.005639,6.457200933,stripe_paintings_61_62
227,0.000961055,0.955779191,183.3660755,"[198.50476130653266, 181.62267587939698, 156.05852386934674]",198.5047613,6.620708099,stripe_paintings_61_62
228,0.001367851,0.900838169,176.2868767,"[193.60228192739618, 174.41006137372682, 143.89135218072605]",193.6022819,6.627159967,stripe_paintings_61_62
229,0.00077381,0.713778224,176.9311448,"[191.39615476190477, 175.578125, 147.74026785714287]",191.3961548,6.93107052,stripe_paintings_61_62
230,0.011650409,1,137.4198345,"[159.8938561988672, 134.60630899937067, 99.11313719320327]",159.8938562,7.422972419,stripe_paintings_61_62
231,0.001684543,0.995335092,173.4526375,"[183.60377475247526, 172.02531628162816, 157.700398789879]",183.6037748,6.36826758,stripe_paintings_61_62
232,0.010306588,1,169.1774381,"[167.32045009784736, 172.2082110241357, 144.6232387475538]",167.3204501,6.454219349,stripe_paintings_61_62
233,0.000857705,0.93686323,102.0676901,"[129.228107424072, 96.20973003374579, 80.11905230596176]",129.2281074,7.294869223,stripe_paintings_61_62
234,0.001007913,0.764466851,159.7123522,"[191.46230737192838, 156.1715785089546, 101.29574344023324]",191.4623074,7.332839698,stripe_paintings_61_62
235,0.006590136,0.994403116,139.4490145,"[158.41330782312926, 137.24000850340136, 105.48879676870749]",158.4133078,7.249995997,stripe_paintings_61_62
236,0.001848118,0.844438118,140.3450386,"[169.9880600358423, 136.8861335125448, 87.32152777777777]",169.98806,7.146491715,stripe_paintings_61_62
237,0.001774267,0.98307589,156.4358368,"[170.8571771978022, 154.7175824175824, 130.99149496336997]",170.8571772,7.191743015,stripe_paintings_61_62
238,0.001351351,0.968497841,175.1459245,"[185.88234797297298, 175.16056145431145, 143.38647844272845]",185.882348,7.071565173,stripe_paintings_61_62
239,0.000181319,0.816186982,155.4831949,"[189.74632967032966, 150.4421923076923, 104.52727472527472]",189.7463297,7.657462604,stripe_paintings_61_62
240,0.001477833,0.764207407,181.358028,"[197.50443823417962, 178.91117374005304, 158.05142572944297]",197.5044382,6.735158661,stripe_paintings_61_62
241,0.000534344,0.713413868,182.8367925,"[202.31974333211545, 180.05678662769455, 153.00555809280235]",202.3197433,7.155274384,stripe_paintings_61_62
242,0.000527426,0.879802375,104.8549096,"[112.69733649789029, 104.01489978902954, 90.08309599156118]",112.6973365,7.236093105,stripe_paintings_61_62
243,0.000700723,0.981776073,110.2841372,"[151.14252561784207, 104.01301235684147, 52.093211271850514]",151.1425256,7.136115934,stripe_paintings_61_62
244,0.002213542,0.750670329,137.2089767,"[156.45203993055554, 136.15646701388889, 90.97185329861111]",156.4520399,7.425295425,stripe_paintings_61_62
245,0.000349087,0.863421701,153.7755862,"[170.20439044038667, 151.07410042964554, 132.15978114930184]",170.2043904,7.704581329,stripe_paintings_61_62
246,0.002965328,0.998333938,181.9135033,"[192.87603623566216, 181.6602515641293, 152.1419121480709]",192.8760362,6.792289007,stripe_paintings_61_62
247,0.002742347,0.913160846,137.1158688,"[140.815943877551, 137.87510629251702, 118.69976615646259]",140.8159439,7.498047819,stripe_paintings_61_62
248,0.000555185,0.778743008,204.6297134,"[205.80771298666386, 205.4344238344028, 193.1896630316631]",205.807713,5.483755733,stripe_paintings_61_62
249,0.000139752,0.997737464,199.3706147,"[218.98377329192547, 196.14640786749482, 173.55614389233955]",218.9837733,6.62837395,stripe_paintings_61_62
250,0.00064554,1,133.7849008,"[167.0733934859155, 127.02634976525822, 102.71263204225352]",167.0733935,7.003894028,stripe_paintings_61_62
251,0.00547146,0.993352365,193.3464913,"[211.8916311888994, 190.17997082939135, 170.10547540208137]",211.8916312,6.423267177,stripe_paintings_61_62
252,3.51E-05,0.899131335,174.1901931,"[187.62308266058267, 173.29247981747983, 143.52831256581257]",187.6230827,6.650563326,stripe_paintings_61_62
253,0.000670841,0.88763773,180.111825,"[193.44207449527218, 178.0670776897521, 161.11448696652184]",193.4420745,6.043003483,stripe_paintings_61_62
254,0.00092437,0.934019709,172.5900913,"[178.88540966386554, 171.92484243697479, 160.64274159663864]",178.8854097,6.624493745,stripe_paintings_61_62
255,0.003011905,0.977811284,182.1255748,"[195.37952380952382, 182.2914880952381, 141.45451190476192]",195.3795238,6.780916617,stripe_paintings_61_62
256,0.000731497,0.870975218,118.6590439,"[153.1882601835915, 112.13711990820424, 81.58935742971887]",153.1882602,7.446976925,stripe_paintings_61_62
257,0.001525974,0.967351618,139.5151277,"[168.68670454545455, 135.93689935064936, 89.0618262987013]",168.6867045,7.48821046,stripe_paintings_61_62
258,0.002306548,0.980591639,129.2008338,"[138.3655505952381, 128.93546130952382, 104.84315476190476]",138.3655506,7.211019438,stripe_paintings_61_62
259,0.001458203,0.989875217,140.8058776,"[163.1595601996257, 136.89489238927013, 113.7247660636307]",163.1595602,7.536069528,stripe_paintings_61_62
260,0.006583914,0.998868092,173.5696482,"[193.16804950638792, 170.21237659698025, 149.11674651567944]",193.1680495,7.182384583,stripe_paintings_61_62
261,0.004754021,0.959887633,196.5014076,"[204.30429280983915, 197.88812086092716, 159.7885170293283]",204.3042928,5.956608549,stripe_paintings_61_62
262,0.001144244,0.971253832,145.7400818,"[180.01740638002775, 139.24931085298198, 109.10351941747572]",180.0174064,7.317337467,stripe_paintings_61_62
263,0.000165131,0.858479129,186.535346,"[222.0206490015361, 179.06591013824885, 156.0362480798771]",222.020649,6.826683878,stripe_paintings_61_62
264,0.00201094,0.755761291,146.7707866,"[163.2848536036036, 145.87779118404117, 106.98934202059202]",163.2848536,7.129945462,stripe_paintings_61_62
265,0.006754032,0.993352365,155.1756158,"[181.60784850230414, 152.84400921658985, 100.43977534562212]",181.6078485,7.368540003,stripe_paintings_61_62
266,0.005559846,0.94015054,179.3704394,"[219.08903474903474, 173.59502895752897, 119.62528957528957]",219.0890347,6.912442768,stripe_paintings_61_62
267,0.000135468,0.807342504,144.9147659,"[174.60231527093595, 139.1275369458128, 114.82408866995074]",174.6023153,6.832606909,stripe_paintings_61_62
268,0.001815476,0.795598037,179.6898942,"[183.0130505952381, 181.52925595238096, 151.68415178571428]",183.0130506,6.396708047,stripe_paintings_61_62
269,0.005753968,0.998333938,157.7687668,"[170.58956916099774, 157.79651832955403, 119.74175170068027]",170.5895692,7.384586754,stripe_paintings_61_62
270,0.000435323,0.819456909,165.0541514,"[191.7501762023217, 160.69200870646767, 129.65566956882256]",191.7501762,7.040814036,stripe_paintings_61_62
271,0.002606334,0.994406277,178.1653208,"[197.1052300046232, 174.32796463245492, 160.40704461396209]",197.10523,6.151945234,stripe_paintings_61_62
272,0.000438269,0.91673569,164.4445444,"[182.17914957105558, 162.17944330473705, 134.66093342036552]",182.1791496,7.411600765,stripe_paintings_61_62
273,0.000747664,0.966406664,130.7513936,"[153.94474478792236, 127.84543493889288, 91.24218547807332]",153.9447448,7.717996032,stripe_paintings_61_62
274,0.001420455,1,162.1080973,"[178.62890625, 160.67434303977274, 127.66345880681818]",178.6289063,6.45697686,stripe_paintings_61_62
275,0.001974126,0.991251654,165.4089974,"[185.29720262096774, 160.95052503360216, 151.0110341061828]",185.2972026,6.312223539,stripe_paintings_61_62
276,0.012991216,0.944869434,153.1271442,"[191.1961049468331, 145.32919556171984, 118.27439898289413]",191.1961049,6.63114293,stripe_paintings_61_62
277,1.10E-05,0.775506249,179.7137215,"[194.2266597283085, 178.76968667835231, 146.33038453111305]",194.2266597,6.591986892,stripe_paintings_61_62
278,0.0015352,0.991613331,115.3172268,"[141.50704650565262, 109.9593910585817, 91.27246916752313]",141.5070465,7.00123289,stripe_paintings_61_62
279,0.004476861,0.979421776,160.1490516,"[170.2377263581489, 160.78258299798793, 124.16631036217304]",170.2377264,7.142314862,stripe_paintings_61_62
280,0.007704493,0.987795714,172.9610708,"[181.9747839861751, 173.35187211981568, 142.548099078341]",181.974784,6.533206254,stripe_paintings_61_62
281,0.001016865,0.736222363,174.5685071,"[207.12362351190475, 169.6344494047619, 127.5826388888889]",207.1236235,7.146719036,stripe_paintings_61_62
282,0.001495267,0.962535153,162.266214,"[173.1131239242685, 160.97023450946645, 143.164156626506]",173.1131239,7.132789144,stripe_paintings_61_62
283,3.34E-05,0.872355561,195.8783727,"[209.6733627858628, 193.49157261657263, 178.90087243837243]",209.6733628,6.100720563,stripe_paintings_61_62
284,0.007916053,0.979048473,166.7250364,"[186.88718703976437, 165.8428939617084, 116.09394329896907]",186.887187,7.187753796,stripe_paintings_61_62
285,0.001820388,0.997203915,167.2303092,"[185.02522249190937, 164.79900889967638, 138.91545307443366]",185.0252225,7.214520345,stripe_paintings_61_62
286,0.00521137,0.824766591,175.4527265,"[197.98751822157433, 174.22195699708456, 121.28859329446064]",197.9875182,7.184209516,stripe_paintings_61_62
287,0.015688776,0.995010128,148.5804507,"[166.626556122449, 146.97321428571428, 111.3629081632653]",166.6265561,7.325219646,stripe_paintings_61_62
288,0.003494898,0.998867148,191.4357216,"[190.12930612244898, 193.7983112244898, 171.87920918367348]",190.1293061,7.250185902,stripe_paintings_61_62
289,0.000921053,0.860765687,154.1011213,"[182.7733552631579, 149.37953947368422, 116.4440350877193]",182.7733553,7.383175751,stripe_paintings_61_62
290,0.002948505,0.974113565,181.3995819,"[213.9388911960133, 177.128125, 127.89665697674418]",213.9388912,6.867291016,stripe_paintings_61_62
291,0.003388947,0.963391601,190.5083469,"[199.61167883211678, 190.78193430656935, 160.9925834202294]",199.6116788,6.746933582,stripe_paintings_61_62
292,0.001621241,0.722211317,130.106724,"[178.10881109022557, 121.38576127819549, 75.14812030075188]",178.1088111,7.705427658,stripe_paintings_61_62
293,0.002401911,0.990045092,216.9326944,"[227.0700578470825, 215.69593184104627, 199.33337525150907]",227.0700578,5.528425307,stripe_paintings_61_62
294,0.000950092,0.798626005,159.7911844,"[171.06537316849816, 157.81496108058607, 146.1693337912088]",171.0653732,6.881920088,stripe_paintings_61_62
295,0.001515444,0.864392157,146.9548693,"[168.78022200772202, 142.86815637065638, 123.1702027027027]",168.780222,7.214703311,stripe_paintings_61_62
296,0.000828424,0.74030639,163.2965468,"[173.28389175257732, 163.9765648011782, 127.15169366715759]",173.2838918,5.925665145,stripe_paintings_61_62
297,0.00507109,0.934598434,207.2453669,"[216.7664277251185, 206.7261789099526, 184.3526481042654]",216.7664277,5.89197451,stripe_paintings_61_62
298,0.001852273,0.983423196,149.1390763,"[160.18336363636362, 151.12702272727273, 96.92585227272727]",160.1833636,7.330766077,stripe_paintings_61_62
299,0.003994361,0.956837536,162.1814511,"[178.40279605263157, 162.8580122180451, 107.7142152255639]",178.4027961,7.400939745,stripe_paintings_61_62
300,0.001116071,0.932708568,171.2309658,"[200.07973533163266, 166.6961256377551, 131.204225127551]",200.0797353,7.282091233,stripe_paintings_61_62
301,8.04E-05,0.775619666,165.4300354,"[166.90389285714286, 166.29473214285716, 152.52458928571428]",166.9038929,6.740255238,stripe_paintings_61_62
302,0.000796506,0.9156356,156.2281323,"[176.66130524152106, 153.76021325796506, 120.50739979445015]",176.6613052,7.432778235,stripe_paintings_61_62
303,0.001527902,0.91819091,180.4194827,"[191.44882704151192, 179.88340933665555, 153.25273847021768]",191.448827,6.961579255,stripe_paintings_61_62
304,3.97E-05,0.937622241,167.3352628,"[196.16083333333333, 165.20974206349206, 103.51055555555556]",196.1608333,6.3269979,stripe_paintings_61_62
305,0.001581975,0.90037558,153.7237815,"[166.470493767977, 152.41184084372003, 129.18567833173537]",166.4704938,6.331023369,stripe_paintings_61_62
306,0.000415282,0.820672325,182.4345867,"[190.7049730066445, 182.41180440199335, 158.30729858803986]",190.704973,6.419096843,stripe_paintings_61_62
307,0.004882155,1,121.9235012,"[161.68047138047137, 114.91936026936027, 74.23693181818182]",161.6804714,7.613686975,stripe_paintings_61_62
308,0.007064364,0.99717263,142.6012214,"[165.26726844583987, 139.22951334379906, 109.2583398744113]",165.2672684,7.454103796,stripe_paintings_61_62
309,0.00152439,0.960766221,180.1246258,"[210.83286149825784, 177.84466463414634, 112.28608449477352]",210.8328615,7.276301143,stripe_paintings_61_62
310,0.000331221,0.840157748,179.0072873,"[186.12247983870967, 179.67528801843318, 151.43881048387098]",186.1224798,6.634151141,stripe_paintings_61_62
311,0.000833333,0.830556421,145.5194062,"[184.3219212962963, 138.00104166666668, 105.73712962962964]",184.3219213,7.32801546,stripe_paintings_61_62
312,2.75E-05,0.663333442,189.9001789,"[205.70449706314244, 188.3455625917768, 158.7625550660793]",205.7044971,6.425090193,stripe_paintings_61_62
313,0.005415691,0.983909328,154.3990378,"[163.51214871194378, 155.5423594847775, 116.23905152224825]",163.5121487,7.231008956,stripe_paintings_61_62
314,0.003531746,0.991582823,144.3611896,"[171.7471560846561, 139.10187830687832, 115.81829365079365]",171.7471561,7.341488401,stripe_paintings_61_62
315,0.000110229,0.810612252,137.7516605,"[162.19369488536157, 135.28924162257496, 90.17195767195767]",162.1936949,7.47782065,stripe_paintings_61_62
316,0.00119382,0.883809507,132.6304485,"[148.94843164794008, 131.59021535580524, 94.88490168539326]",148.9484316,7.554982271,stripe_paintings_61_62
317,0,0.663547244,207.3670505,"[218.4797260802469, 205.90499614197532, 189.12752700617284]",218.4797261,5.090741395,stripe_paintings_61_62
318,0.005221675,0.988395568,186.7261932,"[202.3934975369458, 185.0122536945813, 157.57024630541872]",202.3934975,6.483938013,stripe_paintings_61_62
319,0.000178571,0.691450352,172.1766332,"[201.59456845238094, 167.59484126984128, 130.9390228174603]",201.5945685,7.27424335,stripe_paintings_61_62
320,0.001066468,0.756378782,123.5877554,"[138.20662202380953, 122.60848214285714, 90.24156746031746]",138.206622,7.398976102,stripe_paintings_61_62
321,0.005156501,0.986748775,146.4672065,"[182.3702447833066, 138.6015048154093, 118.66338282504013]",182.3702448,7.262269294,stripe_paintings_61_62
322,6.22E-05,0.824303454,148.4921598,"[199.03062810945275, 138.98933457711442, 93.80991915422885]",199.0306281,7.583006845,stripe_paintings_61_62
323,0.000582965,0.979167913,155.8592532,"[167.88875797741778, 158.08709499263622, 98.36859965635739]",167.888758,7.642840021,stripe_paintings_61_62
324,0.000691358,0.977811284,201.0244219,"[217.5638765432099, 199.91011111111112, 163.36053086419753]",217.5638765,7.10094089,stripe_paintings_61_62
325,9.35E-06,0.889476001,203.9930976,"[213.8860736999626, 203.31341189674524, 181.59509913954358]",213.8860737,6.309404191,stripe_paintings_61_62
326,0.001092233,0.943679041,162.3667349,"[171.75447295423024, 162.2605409153953, 135.7755547850208]",171.754473,6.466712481,stripe_paintings_61_62
327,0.003561671,0.973507493,162.7326354,"[168.88188914910225, 163.20390320062452, 139.95725995316158]",168.8818891,6.878308283,stripe_paintings_61_62
328,0.022038394,1,117.1027886,"[127.27490975716474, 115.45451214176329, 103.4775021877051]",127.2749098,7.776360973,abstract_expressionist_55_57
329,0.003843633,0.808373303,120.1647857,"[110.68236086278971, 123.50399793918031, 115.00909260170833]",110.6823609,7.482864032,abstract_expressionist_55_57
330,0.006905625,1,125.9447084,"[132.97513802622498, 125.10058661145618, 113.60463250517599]",132.975138,7.951820265,abstract_expressionist_55_57
331,0.002914348,1,142.125272,"[147.81040507111936, 141.75274814471243, 129.07499226963512]",147.8104051,7.857541691,abstract_expressionist_55_57
332,0.009858644,1,66.27628369,"[109.74908934396521, 57.25800561797753, 27.59974628488583]",109.7490893,7.364576509,abstract_expressionist_55_57
333,0.014226114,1,103.0937272,"[107.0488630111865, 102.2158582431689, 100.14345085274161]",107.048863,7.75868199,abstract_expressionist_55_57
334,0.003270716,0.950919265,158.6543485,"[170.49060736560736, 157.2417768042768, 137.7939968814969]",170.4906074,7.693509887,abstract_expressionist_55_57
335,0.008973545,1,61.01249715,"[78.88205026455026, 58.30027777777778, 35.26058994708995]",78.88205026,7.030815733,abstract_expressionist_55_57
336,0.028279883,1,127.89241,"[147.27287172011663, 126.4370444606414, 85.24131924198251]",147.2728717,7.814000027,abstract_expressionist_55_57
337,0.002010294,0.972775798,108.6474718,"[144.06138056312443, 101.78974871329095, 72.29908567968513]",144.0613806,7.789540352,abstract_expressionist_55_57
338,0.001278246,0.94305424,86.63274403,"[89.2866382612026, 86.65482094982765, 78.59940157027958]",89.28663826,7.530655073,abstract_expressionist_55_57
339,0.008467579,1,151.9997363,"[160.06515450861195, 151.22810030395138, 135.8940045592705]",160.0651545,7.914293257,abstract_expressionist_55_57
340,0.012839872,0.716377348,69.71852759,"[83.20868385036496, 67.37283531021897, 53.23143476277372]",83.20868385,6.225774688,veil_paintings_58_59
341,0,0.57869326,100.0346972,"[177.2842815614618, 80.57641888150609, 65.31584763750462]",177.2842816,6.499861135,veil_paintings_58_59
342,5.88E-05,0.773493574,189.2808728,"[226.0473101265823, 182.58268987341773, 147.3694575045208]",226.0473101,7.090526171,veil_paintings_58_59
343,0.00204023,0.849199669,89.93330272,"[93.3495138888889, 92.17746168582376, 57.64370450191571]",93.34951389,7.002354865,veil_paintings_58_59
344,0.000263214,0.971218661,131.3611505,"[132.1581005586592, 131.14970992694455, 131.10894391920928]",132.1581006,7.313443817,veil_paintings_58_59
345,0.009479362,0.907881496,127.8521071,"[201.6925703564728, 111.21532363977487, 75.22253752345216]",201.6925704,7.786183075,veil_paintings_58_59
346,5.30E-05,0.756007266,125.3795572,"[128.1227986512524, 125.32212186897881, 117.87075626204239]",128.1227987,6.713165193,veil_paintings_58_59
347,0.001487918,0.945640502,61.66125001,"[67.8783487470167, 60.76021405131265, 52.279888872315034]",67.87834875,6.732562324,veil_paintings_58_59
348,0.000543478,0.867334201,74.55572437,"[75.9880661231884, 75.52079936594203, 60.778196708937195]",75.98806612,6.511882076,veil_paintings_58_59
349,0.031684793,0.993352365,133.867865,"[161.18705173427395, 128.6767293748775, 104.84627425044091]",161.1870517,7.145819175,veil_paintings_58_59
350,9.54E-05,0.741984139,125.5713956,"[202.51359431623118, 108.35725729544154, 69.52763208086974]",202.5135943,7.618614213,veil_paintings_58_59
351,0.002113003,0.965133931,57.10765486,"[62.87553792569659, 58.581962074303405, 25.519338235294118]",62.87553793,6.657341165,veil_paintings_58_59
352,0.001503302,0.773913404,143.9733685,"[158.27551268682654, 142.47597323600974, 116.69222280152937]",158.2755127,6.942507306,veil_paintings_58_59
353,0,0.635971306,110.8229937,"[150.32719722366184, 100.0021419527524, 101.68836063530384]",150.3271972,6.993043438,veil_paintings_58_59
354,0.000707592,0.869740528,115.2194883,"[143.4734126984127, 110.89623493975904, 74.84838640275387]",143.4734127,7.692026164,veil_paintings_58_59
355,0.002350269,0.906669025,54.61152753,"[52.381454130278996, 55.97879899430348, 47.634256841287]",52.38145413,6.431216038,veil_paintings_58_59
356,0.000435096,0.806435119,103.2690449,"[93.38921875, 107.02418269230769, 95.16345673076923]",93.38921875,6.620286749,veil_paintings_58_59
357,0.000705935,0.998330159,154.5710296,"[174.29574190647483, 149.19100269784172, 149.78323741007193]",174.2957419,7.485050469,veil_paintings_58_59
358,0.016363896,1,93.23863369,"[98.816344873502, 90.1931258322237, 106.98275870268213]",98.81634487,7.320557442,veil_paintings_58_59
359,0.00027666,0.798555824,93.85458979,"[100.47204225352112, 92.92122233400403, 83.61461770623742]",100.4720423,6.589905606,veil_paintings_58_59
360,1.72E-05,0.938964843,44.82556478,"[49.70995587424159, 44.17362796469939, 36.90096180364038]",49.70995587,4.955666231,veil_paintings_58_59
361,0.002815468,0.783204683,111.5045175,"[120.33711232797053, 112.296026361698, 77.6555315952704]",120.3371123,7.446663642,veil_paintings_58_59
362,0.001019553,0.755892441,123.1269475,"[128.5274883612663, 122.98834497206704, 108.59749534450651]",128.5274884,7.140550633,veil_paintings_58_59
363,0.001389284,0.909457947,65.35994652,"[58.05672156141039, 69.36358182564491, 47.20573124579945]",58.05672156,6.768750631,veil_paintings_58_59
364,0.000159439,0.705666313,131.5217453,"[139.79174461451248, 131.2546591553288, 109.815625]",139.7917446,7.337369468,veil_paintings_58_59
365,0.000823754,0.856600543,136.0274319,"[145.64491158789647, 135.22870186382272, 115.61989083683376]",145.6449116,7.272874621,veil_paintings_58_59
366,0.008556548,0.780711068,79.90356329,"[82.38943932411674, 79.85270017281105, 73.08749759984639]",82.38943932,5.72564224,veil_paintings_58_59
367,0.013356742,0.895716627,60.58529829,"[65.30150983146068, 59.801144662921345, 54.46563202247191]",65.30150983,6.357934028,veil_paintings_58_59
368,0.002571078,0.882487979,68.80241992,"[97.45101225490195, 63.20096323529412, 39.93082843137255]",97.45101225,7.203004425,veil_paintings_58_59
369,0.002876712,0.785860682,135.8215619,"[138.7882093933464, 134.66234344422702, 138.56898238747553]",138.7882094,6.951184129,veil_paintings_58_59
370,0.004319042,0.993627526,77.71789352,"[83.51453116555575, 76.9494122680598, 68.26155872815708]",83.51453117,7.154688002,veil_paintings_58_59
371,0.00343796,0.786364425,114.576666,"[121.10261413843888, 114.46109628129602, 96.50518225331369]",121.1026141,6.319221905,veil_paintings_58_59
372,0.047036474,1,126.9805936,"[126.84158546397282, 126.4834167709637, 132.31486009297336]",126.8415855,7.170806812,veil_paintings_58_59
373,0.000610329,0.951859751,152.8823071,"[165.28946302816902, 151.58230340375587, 129.22581572769954]",165.289463,7.600254043,veil_paintings_58_59
374,0.00039632,0.723176933,114.3055471,"[114.79633046596845, 115.46355154759739, 101.38940720912706]",114.7963305,6.714016051,veil_paintings_58_59
375,0.037345821,0.994406277,158.9523667,"[157.261922404271, 159.47303939617083, 158.7723582474227]",157.2619224,7.390185098,veil_paintings_58_59
376,0.000149198,0.652567252,119.3814091,"[113.78119638194704, 122.49918407310705, 104.98767717269675]",113.7811964,7.08841895,veil_paintings_58_59
377,0.005398773,0.888531392,85.00326303,"[98.41960560911481, 81.5667046450482, 79.53944200993281]",98.41960561,6.650566469,veil_paintings_58_59
378,0.001647619,0.792579617,99.13175465,"[96.66920476190477, 102.21688809523809, 75.82220714285714]",96.66920476,6.877643874,veil_paintings_58_59
379,0.003826065,0.80499088,91.29830548,"[107.00951572008114, 88.71178752535496, 70.65667596348884]",107.0095157,6.748506957,veil_paintings_58_59
380,0.000544263,0.976387396,95.26614119,"[97.07883560796603, 96.07996536510947, 81.86689069393478]",97.07883561,6.333038371,veil_paintings_58_59
381,0.000168488,0.727947717,101.4529624,"[120.1566985428051, 97.76039617486339, 82.95585837887067]",120.1566985,6.742042095,veil_paintings_58_59
382,0.003032129,0.900960959,67.98640171,"[78.5713092369478, 66.69235742971888, 49.63666666666666]",78.57130924,6.658454046,veil_paintings_58_59
383,0.000908163,0.922765163,133.6772239,"[135.1983469387755, 134.79657653061224, 118.11002551020408]",135.1983469,6.179916245,veil_paintings_58_59
384,0,0.552497088,98.47593651,"[97.33558601134216, 99.16849243856333, 94.97347826086957]",97.33558601,5.290095834,veil_paintings_58_59
385,0.030794592,1,86.85940279,"[105.6333610056926, 83.8732210626186, 61.15820683111954]",105.633361,7.523639054,veil_paintings_58_59
386,0.00566047,0.770120932,75.73429248,"[95.9939897260274, 70.65243395303327, 66.4175831702544]",95.99398973,6.340469928,veil_paintings_58_59
387,0.000445574,0.780888152,106.9034002,"[126.28276016746412, 104.43153708133971, 74.32479366028709]",126.2827602,7.564586234,veil_paintings_58_59
388,0.000108444,0.673492882,109.7518421,"[134.90814777327935, 105.00365095430885, 82.7113396471949]",134.9081478,7.064153136,veil_paintings_58_59
389,0.000495862,1,52.57385186,"[59.45785887557078, 51.629462756849314, 41.65816210045662]",59.45785888,6.117052671,veil_paintings_58_59
390,0.00190858,1,77.30639044,"[93.20341625548245, 77.7919921875, 25.685752467105264]",93.20341626,7.246465086,veil_paintings_58_59
391,0.002816265,0.768891238,102.2947111,"[128.57936746987951, 95.97526355421687, 87.49624748995984]",128.5793675,6.061338404,veil_paintings_58_59
392,0.001698651,0.998333938,107.6637822,"[121.66121887966806, 105.33267634854772, 89.53846213692945]",121.6612189,7.104627174,veil_paintings_58_59
393,0.000573107,1,108.7381669,"[135.78712658499893, 102.49083028870263, 90.97481911311698]",135.7871266,7.090028135,veil_paintings_58_59
394,5.04E-06,0.685282906,131.4384927,"[133.13353074596773, 131.67254284274193, 124.128828125]",133.1335307,6.954620055,veil_paintings_58_59
395,0.002223069,0.936732189,91.68091051,"[113.48924034552846, 87.53803861788617, 68.50267022357724]",113.4892403,7.278736197,veil_paintings_58_59
396,0.001388889,0.860811071,100.1571346,"[122.01415178571429, 95.91291666666666, 77.83944444444444]",122.0141518,7.264388908,veil_paintings_58_59
397,0.000632684,0.958376688,137.3078353,"[129.48545081967214, 141.8458324795082, 115.38904456967214]",129.4854508,7.420568602,veil_paintings_58_59
398,9.68E-05,0.683665682,103.4870516,"[98.26572849462366, 105.33125806451613, 100.59337903225807]",98.26572849,6.506565214,veil_paintings_58_59
399,0.065923583,0.985104708,106.3629584,"[141.56996710526315, 97.472758097166, 90.75715840080971]",141.5699671,7.534519838,veil_paintings_58_59
400,0.010293591,1,61.78761785,"[82.40051020408163, 57.8828835481561, 39.770513336913716]",82.4005102,6.760294436,veil_paintings_58_59
401,0.072739044,0.993352365,82.48226702,"[115.17264940239043, 74.70041334661354, 63.30784113545817]",115.1726494,7.350550352,veil_paintings_58_59
402,0.001019373,0.829723537,96.30478873,"[116.27354243542436, 95.03556503690037, 50.077527675276755]",116.2735424,7.325753607,veil_paintings_58_59
403,0.003805182,0.735182675,69.60668655,"[81.90814299424184, 67.347216890595, 55.765731765834936]",81.90814299,6.236321857,veil_paintings_58_59
404,3.50E-06,0.7285704,121.4071485,"[151.28051079035873, 117.89323850896861, 68.25024523542601]",151.2805108,7.185412499,veil_paintings_58_59
405,0.004599693,0.80094597,71.78655843,"[81.07136920107631, 70.44652945071356, 57.720602115999604]",81.0713692,6.257357711,veil_paintings_58_59
406,0.054688073,1,88.69644983,"[104.7341490825688, 85.37978899082569, 74.32610321100917]",104.7341491,7.395304948,veil_paintings_58_59
407,0.001945224,0.880173716,78.27905387,"[100.75069326634477, 73.75458371395015, 56.92767600809083]",100.7506933,7.055246431,veil_paintings_58_59
408,0.004546843,0.998333938,71.83534021,"[90.67996435845214, 67.46536405295316, 59.63367617107943]",90.67996436,6.991517741,veil_paintings_58_59
409,0.005177624,1,76.19782745,"[91.8939453125, 72.75559772995283, 64.07716317806604]",91.89394531,7.213359327,veil_paintings_58_59
410,0.000445927,0.848958535,80.12490431,"[81.00236657303371, 80.65386938202248, 72.30129915730338]",81.00236657,6.645099014,veil_paintings_58_59
411,2.94E-06,0.636432596,116.116936,"[139.13483823529413, 111.44349705882352, 94.63269117647059]",139.1348382,6.14369596,veil_paintings_58_59
412,0.000541417,0.752841566,116.4957374,"[140.78134231536927, 109.79723802395209, 111.33849550898204]",140.7813423,7.171079412,veil_paintings_58_59
413,2.40E-06,0.697738912,112.9208551,"[148.85041506717852, 105.38770153550864, 81.7447744721689]",148.8504151,7.085514202,veil_paintings_58_59
414,0.036939229,0.962370205,114.723046,"[163.04863389328062, 105.16360177865613, 67.11770750988143]",163.0486339,7.650335525,veil_paintings_58_59
415,8.41E-06,0.704635135,143.1269011,"[140.5230825297152, 148.90284256559767, 93.5786807580175]",140.5230825,7.371427559,veil_paintings_58_59
416,0.002727441,0.764271376,66.80142065,"[79.81728457840237, 65.41115014792899, 42.24669471153846]",79.81728458,6.560077219,veil_paintings_58_59
417,0.001649306,0.921595071,81.87364648,"[119.50107638888889, 73.76754464285715, 51.37354166666667]",119.5010764,7.430933803,veil_paintings_58_59
418,5.04E-05,0.69258373,103.3324565,"[121.10200549450549, 100.07736721611721, 83.25259157509157]",121.1020055,6.905459857,veil_paintings_58_59
419,0.060193966,0.998333938,94.44407727,"[105.38683429118774, 94.54069204980843, 61.265004789272034]",105.3868343,7.273695051,veil_paintings_58_59
420,0.069459388,0.998333938,75.00713533,"[94.94272151898734, 70.69534018987342, 59.01669567510549]",94.94272152,7.17840005,veil_paintings_58_59
421,5.27E-05,0.80613067,121.2760434,"[128.7879016064257, 120.90328564257028, 102.84910893574298]",128.7879016,5.854479302,veil_paintings_58_59
422,0.000215283,0.817103864,150.137675,"[91.2168011240029, 174.75795413343002, 79.75199873096447]",91.21680112,7.753510258,veil_paintings_58_59
423,0,0.546676369,115.1130623,"[144.5852347883598, 113.41615173847316, 45.13863851095994]",144.5852348,6.984536001,veil_paintings_58_59
424,3.42E-05,0.698577427,103.0107769,"[116.63336594911938, 103.21200342465754, 60.90441046966732]",116.6333659,6.988269759,veil_paintings_58_59
425,0.00111002,0.862690712,128.9923116,"[131.23654223968566, 130.89267190569745, 103.55933202357564]",131.2365422,7.317513609,veil_paintings_58_59
426,0.00207252,0.896898596,123.6901961,"[127.77658834254247, 125.07631113839743, 97.92681066398765]",127.7765883,7.336592298,veil_paintings_58_59
427,0.003526786,0.992001016,70.3274319,"[91.37769031954888, 64.73397791353383, 63.750608552631576]",91.37769032,6.78619953,veil_paintings_58_59
428,0.00021135,0.678948365,89.21571987,"[123.58094716242661, 81.77247749510764, 61.75532681017612]",123.5809472,6.931604301,veil_paintings_58_59
429,0.006304665,0.809376829,109.7847857,"[225.5287399781341, 80.73770499271137, 56.70040087463557]",225.52874,7.024886105,veil_paintings_58_59
430,0.001955496,0.715117171,90.04976991,"[100.4964010856868, 88.77679000893286, 71.8985432556861]",100.4964011,6.560215091,veil_paintings_58_59
431,0.000362818,0.959899192,132.5458011,"[163.24965836864408, 126.39261122881356, 103.08764830508474]",163.2496584,7.731083387,veil_paintings_58_59
432,0.005985879,0.988843756,81.39945183,"[90.82372384937239, 79.22374738493724, 75.20088650627615]",90.82372385,6.963068963,veil_paintings_58_59
433,0.004139042,0.961726599,78.78662076,"[109.99645257826887, 71.2340699815838, 61.70038904235727]",109.9964526,7.22199091,veil_paintings_58_59
434,2.29E-06,0.637357079,122.33789,"[140.52208478141577, 120.20567724528992, 89.91405021035303]",140.5220848,7.190654174,veil_paintings_58_59
435,0.001893287,0.849689246,82.25914706,"[109.49092697319892, 77.15339316449472, 52.64915785591345]",109.490927,7.166968391,veil_paintings_58_59
436,0.003309633,0.991033323,110.6425351,"[127.93522706422019, 107.8408371559633, 87.47561009174312]",127.9352271,7.534782814,veil_paintings_58_59
437,0.000195946,0.926618959,129.8110078,"[186.52282657657656, 117.58500900900901, 83.92598873873874]",186.5228266,7.086218566,veil_paintings_58_59
438,2.25E-06,0.651350347,114.4798629,"[203.79445370203567, 93.71661637542785, 57.16119167717528]",203.7944537,6.491942836,veil_paintings_58_59
439,0.003366477,0.998867148,89.12214099,"[94.58814630681819, 88.42154829545454, 79.96689393939394]",94.58814631,7.325090946,veil_paintings_58_59
440,0.0220964,1,118.6570859,"[133.54445170344562, 116.29722948122338, 98.19608013937282]",133.5444517,7.257146895,veil_paintings_58_59
441,0,0.397260349,156.5139989,"[160.06946769790719, 159.36715195632394, 117.78175841674249]",160.0694677,6.820134019,veil_paintings_58_59
442,0.000277256,0.998316849,121.9388149,"[160.81826597744362, 115.3884257518797, 72.34140507518796]",160.818266,7.798796149,veil_paintings_58_59
443,0.007325472,0.940577242,149.5419427,"[186.75444575471698, 145.6048066037736, 78.96661792452831]",186.7544458,7.722092273,veil_paintings_58_59
444,0.018855932,0.955969966,140.2473205,"[186.30692325800376, 131.1499081920904, 94.73759416195857]",186.3069233,7.775443556,veil_paintings_58_59
445,0.004220982,0.846423901,75.26896927,"[85.921859375, 74.19425446428572, 54.54641517857143]",85.92185938,5.573862437,veil_paintings_58_59
446,0.000473422,0.75189703,132.2152019,"[241.0414742524917, 105.49976328903655, 76.4037915282392]",241.0414743,6.685773901,veil_paintings_58_59
447,2.31E-05,0.652759322,95.45347234,"[134.80486125385406, 86.38767214799589, 69.38359712230216]",134.8048613,7.083106111,veil_paintings_58_59
448,0.003955966,0.937692251,97.25130028,"[119.86656723484849, 92.63033143939394, 76.43289535984849]",119.8665672,7.375897868,veil_paintings_58_59
449,4.70E-05,0.707624935,147.8265829,"[143.95266812865498, 149.1407085421888, 146.21621762740185]",143.9526681,7.071284343,veil_paintings_58_59
450,0.031046512,0.991697356,122.8131194,"[129.51208407871198, 122.45190071556351, 106.66552549194991]",129.5120841,7.803104978,veil_paintings_58_59
451,0.00034358,0.931550908,97.71644,"[103.08012884267632, 95.6581622965642, 102.31145343580471]",103.0801288,6.903132398,veil_paintings_58_59
452,0.008060681,0.889714764,124.4932886,"[223.1710528818718, 102.39161356286856, 52.86206011032908]",223.1710529,7.613929218,veil_paintings_58_59
453,0.036961967,0.98003811,104.8361976,"[127.0995663265306, 103.68426948051948, 50.69030844155844]",127.0995663,7.601767462,veil_paintings_58_59
454,0.001575607,0.926520681,124.8740962,"[150.19907560706403, 119.98281456953643, 98.75434602649007]",150.1990756,7.619699994,veil_paintings_58_59
455,0.002428647,0.913133247,153.4022774,"[154.29865221987316, 157.4455602536998, 110.71079281183933]",154.2986522,7.592993542,veil_paintings_58_59
456,0.002347222,0.855485382,119.1283953,"[137.82911944444444, 117.3876361111111, 81.30591666666666]",137.8291194,7.487772494,veil_paintings_58_59
457,0.001655206,0.814653853,84.56122999,"[96.7752431237721, 82.56513752455795, 68.3687942043222]",96.77524312,6.63803747,veil_paintings_58_59
458,0,0.602535942,148.0794572,"[163.230223880597, 148.63463619402984, 97.96703358208956]",163.2302239,7.38762882,veil_paintings_58_59
459,0.003648597,0.877764217,72.95138109,"[84.20341407151096, 71.41630911188004, 55.02480584390619]",84.20341407,6.378036898,veil_paintings_58_59
460,0.000164537,0.972865465,133.1873965,"[140.4112061769616, 131.93436978297163, 124.32843200205471]",140.4112062,6.999469822,veil_paintings_58_59
461,0.003579545,0.896484569,73.37273802,"[88.1069815340909, 70.16144412878788, 61.79679924242424]",88.10698153,6.588171325,veil_paintings_58_59
462,0.050313679,0.991697356,112.4366359,"[136.55690801886792, 108.3473537735849, 81.91980424528302]",136.556908,7.381308165,veil_paintings_58_59
463,0.000112146,0.722205763,107.8610714,"[120.38429951690821, 103.82154934437543, 110.99996118012422]",120.3842995,6.893468652,veil_paintings_58_59
464,0.001622622,0.962111999,67.52007829,"[71.48121035940804, 67.50891384778012, 55.966728329809726]",71.48121036,6.140695187,veil_paintings_58_59
465,0.003306718,1,213.9925461,"[220.06373623348017, 214.04905286343612, 195.55558370044054]",220.0637362,6.069690747,unfurled_paintings_60_61
466,0.000669561,0.880408374,206.3778085,"[213.66836151736746, 205.62952239488118, 192.3224428702011]",213.6683615,5.843379613,unfurled_paintings_60_61
467,0.000473978,0.823767479,202.7435219,"[208.32273234200744, 203.23115241635688, 181.4846096654275]",208.3227323,6.383024737,unfurled_paintings_60_61
468,0.000744048,0.915562929,155.2869345,"[163.77918438208616, 154.4202274659864, 138.86611040249434]",163.7791844,7.022517265,unfurled_paintings_60_61
469,0.001666066,0.821054915,202.2592564,"[210.48585884001005, 201.60437393320777, 184.52236268556234]",210.4858588,6.42398869,unfurled_paintings_60_61
470,0.001247216,0.814380342,206.390891,"[214.35188474387527, 205.42552616926503, 192.51168986636972]",214.3518847,6.559091784,unfurled_paintings_60_61
471,0.000636132,0.812632127,211.9855809,"[213.82365776081426, 212.08328562340967, 205.6053371501272]",213.8236578,6.036228521,unfurled_paintings_60_61
472,0,0.551568032,225.5012286,"[227.37661692759295, 228.93560176125246, 185.95869129158513]",227.3766169,5.454889277,unfurled_paintings_60_61
473,0.000719004,1,205.7927815,"[210.42795985772358, 205.10993648373983, 198.90818089430894]",210.4279599,6.372620273,unfurled_paintings_60_61
474,0.000957447,0.85588639,199.879917,"[212.22256796690309, 198.64766252955081, 175.7422547281324]",212.222568,6.288931485,unfurled_paintings_60_61
475,0.000640244,1,190.7141969,"[205.0665625, 189.1468292682927, 163.97830284552845]",205.0665625,6.975940545,unfurled_paintings_60_61
476,0.001782143,0.866113221,203.2087858,"[219.56197857142857, 200.74035357142859, 179.50703928571428]",219.5619786,6.28986163,unfurled_paintings_60_61
477,0.001038781,1,180.2818164,"[194.24692867036012, 178.01193559556788, 161.64519390581717]",194.2469287,6.584847695,unfurled_paintings_60_61
478,0.003492991,1,197.7940793,"[203.5425046728972, 197.69595093457943, 181.83931775700935]",203.5425047,6.867039787,unfurled_paintings_60_61
479,0.001361602,1,217.534351,"[223.0836063887111, 217.09469509847224, 205.5491743401601]",223.0836064,5.13642281,unfurled_paintings_60_61
480,0.001252289,0.992724889,208.5863408,"[214.63051053113554, 207.95036172161173, 197.08858058608058]",214.6305105,6.184540468,unfurled_paintings_60_61
481,0.000663482,0.995996739,195.4202423,"[206.48833333333334, 193.3556847133758, 183.28028927813165]",206.4883333,6.604622942,unfurled_paintings_60_61
482,0.000110803,0.739484474,212.4844843,"[224.12636426592798, 212.36952216066481, 179.34261772853185]",224.1263643,6.888992155,unfurled_paintings_60_61
483,0.00086747,0.979961907,197.687177,"[204.2221686746988, 196.57686144578312, 189.4428343373494]",204.2221687,5.247242595,unfurled_paintings_60_61
484,0.000888359,0.811275906,204.387621,"[215.31571833393306, 202.5077613350126, 190.830309913638]",215.3157183,6.188772042,unfurled_paintings_60_61
485,0.000618979,0.92642824,202.1861137,"[211.9126661849711, 201.17354287090558, 183.5756647398844]",211.9126662,5.828036283,unfurled_paintings_60_61
486,0.001371888,0.954812618,198.9097401,"[214.4507520746888, 196.89550829875517, 173.1003137966805]",214.4507521,6.909951494,unfurled_paintings_60_61
487,0.001313082,0.864734363,189.0689417,"[195.34059774620283, 188.58000979911807, 175.4447035766781]",195.3405977,6.264329808,unfurled_paintings_60_61
488,0.001322355,0.91739665,156.6233422,"[174.35619011976047, 153.65402195608783, 133.82077095808384]",174.3561901,6.851628013,unfurled_paintings_60_61
489,0.000368034,0.882448127,208.9979394,"[211.38778916929547, 209.29320452155625, 199.03594900105153]",211.3877892,6.130173314,unfurled_paintings_60_61
490,0,0.634568037,211.6896906,"[215.50875559462915, 211.94954044117648, 197.8700527493606]",215.5087556,6.068492837,unfurled_paintings_60_61
491,0.000464481,0.77365939,194.0705812,"[201.4975660291439, 193.5507422586521, 177.3505236794171]",201.497566,6.516774533,unfurled_paintings_60_61
492,0.00210396,0.998179924,171.304052,"[183.41318756875688, 169.1465117345068, 157.01971030436377]",183.4131876,7.069247491,unfurled_paintings_60_61
493,0.000681004,0.814944531,208.1607653,"[215.5175477897252, 207.47943249701314, 193.24715352449223]",215.5175478,5.668471612,unfurled_paintings_60_61
494,6.18E-05,0.888224092,195.1203411,"[211.83208498023714, 192.6563611660079, 170.31870306324112]",211.832085,6.807724806,unfurled_paintings_60_61
495,0.001267689,1,200.4486143,"[205.03321681266846, 201.0258591644205, 181.23071933962265]",205.0332168,6.610426165,unfurled_paintings_60_61
496,0.002088721,0.851472327,206.5617745,"[221.57140266092512, 204.08369217987573, 186.9118787956798]",221.5714027,5.890668912,unfurled_paintings_60_61
497,0.004361167,1,209.6408609,"[212.27779929577466, 210.17748742454728, 196.5604124748491]",212.2777993,6.196754848,unfurled_paintings_60_61
498,0.001078767,0.983307254,205.7542217,"[220.1563698630137, 204.10206457925636, 179.7116462818004]",220.1563699,6.562523469,unfurled_paintings_60_61
499,0.002796677,1,202.8564357,"[210.56370648734176, 201.945332278481, 189.18684335443038]",210.5637065,6.645518674,unfurled_paintings_60_61
500,2.10E-05,0.925515908,214.7778423,"[226.45295955882352, 214.35812237394958, 184.55698004201682]",226.4529596,6.134456754,unfurled_paintings_60_61
501,0.000417444,0.878341616,214.9187484,"[212.39013059701492, 215.49385027985073, 216.66765858208956]",212.3901306,5.484596157,unfurled_paintings_60_61
502,0.001651329,0.809305741,197.6866674,"[204.3069810838446, 197.50895194274028, 179.9529192229039]",204.3069811,6.364165286,unfurled_paintings_60_61
503,5.68E-05,0.929471656,178.2951004,"[203.73490539262062, 173.4871357615894, 151.0119110690634]",203.7349054,7.32362249,unfurled_paintings_60_61
504,0.002344055,0.926770617,188.7803082,"[213.56840399610135, 184.81188840155946, 155.09976364522416]",213.568404,6.652787378,unfurled_paintings_60_61
505,0.00033318,0.893604871,201.0229992,"[202.5861580882353, 201.71865119485295, 189.52912224264705]",202.5861581,6.092033506,unfurled_paintings_60_61
506,0.001923547,0.987652444,169.8862283,"[174.04573088685015, 169.1241620795107, 165.18705198776757]",174.0457309,7.023057483,unfurled_paintings_60_61
507,0.000729927,0.728765764,212.2851073,"[225.4433470194647, 210.93820711678833, 186.88152372262775]",225.443347,6.172038392,unfurled_paintings_60_61
508,0.002704451,1,202.204878,"[209.93941511387163, 201.90695910973085, 182.38090320910973]",209.9394151,6.598044122,unfurled_paintings_60_61
509,2.29E-06,0.654199265,191.0504896,"[203.9001948468733, 189.80232899321476, 165.57731982395012]",203.9001948,6.765532011,unfurled_paintings_60_61
510,0,0.57885275,202.0146639,"[211.19881142589924, 201.69335957289272, 178.15382097346168]",211.1988114,6.325081414,unfurled_paintings_60_61
511,0.005647998,1,207.2651222,"[209.8652563582251, 208.16907467532468, 190.6543831168831]",209.8652564,6.786066073,unfurled_paintings_60_61
512,0,0.535127663,183.7246455,"[189.04500704887218, 184.4999107142857, 160.37868186090225]",189.045007,6.863623902,unfurled_paintings_60_61
513,9.88E-05,0.663739338,212.6760622,"[224.62897222222222, 212.4188950617284, 180.02699382716048]",224.6289722,4.294083765,unfurled_paintings_60_61
514,0.000619534,0.76293686,193.4604925,"[216.33732006195336, 190.26812135568514, 157.7204696610787]",216.3373201,6.872248981,unfurled_paintings_60_61
515,0,0.314057615,212.4557153,"[214.6654931434599, 212.3173127637131, 207.31979694092826]",214.6654931,5.79186017,unfurled_paintings_60_61
516,3.96E-05,1,213.5447334,"[224.34019207317073, 211.7196006097561, 199.835875]",224.3401921,3.618494154,unfurled_paintings_60_61
517,0.000836484,0.991095509,204.2846008,"[214.6799810964083, 202.98954631379962, 186.50295368620039]",214.6799811,6.1677727,unfurled_paintings_60_61
518,0,0.583200483,226.4092674,"[236.65346366995075, 226.15904864532018, 198.72284482758621]",236.6534637,6.446658695,unfurled_paintings_60_61
519,0,0.584370409,223.8316784,"[235.55938211382113, 223.5519799874922, 192.0689430894309]",235.5593821,6.189266603,unfurled_paintings_60_61
520,3.66E-05,0.702722985,195.6847901,"[217.16706831900493, 193.50797969635997, 153.99119489665264]",217.1670683,5.719579629,unfurled_paintings_60_61
521,7.08E-05,0.824560699,214.8711755,"[231.03696793934967, 210.93609106686154, 206.2496369199854]",231.0369679,6.308416211,unfurled_paintings_60_61
522,3.72E-05,0.733180214,184.096772,"[193.0120634404607, 183.27960709641465, 165.93950631618057]",193.0120634,6.439783027,unfurled_paintings_60_61
523,0.00273205,1,190.9299469,"[199.99910946800594, 190.2480259486607, 170.97988978794643]",199.9991095,7.017834633,unfurled_paintings_60_61
524,0.003211535,0.993352365,211.9411322,"[215.34054648817164, 212.0180061434073, 201.16972308820831]",215.3405465,6.380642322,unfurled_paintings_60_61
525,0,0.628630014,214.3174793,"[226.01153500473038, 212.2054233680227, 200.80482261116367]",226.011535,6.169612315,unfurled_paintings_60_61
526,0.002477562,0.988395568,205.3039998,"[212.21476252804786, 205.83346422338568, 179.7098011717776]",212.2147625,7.123743294,unfurled_paintings_60_61
527,0.00012186,0.76733857,223.1452832,"[243.43589473190852, 222.98069928758906, 165.02791994750658]",243.4358947,6.099105732,unfurled_paintings_60_61
528,0.000141866,0.953304922,195.4685579,"[197.31042154566745, 196.36325436858223, 181.1823094937849]",197.3104215,6.998957851,unfurled_paintings_60_61
529,6.30E-05,0.716552747,131.2144913,"[141.41487003828328, 129.63360618577474, 116.83843189603063]",141.41487,6.310250172,unfurled_paintings_60_61
530,0,0.534379708,217.4422521,"[238.74911973631538, 213.35543951821452, 195.18530390647143]",238.7491197,6.386261608,unfurled_paintings_60_61
531,0.000135624,0.800741517,188.1977997,"[209.490013562387, 185.11374547920434, 156.0508589511754]",209.4900136,7.236082453,unfurled_paintings_60_61
532,0.000426305,0.714953063,190.710286,"[189.41084360462327, 191.17327972545948, 189.95029015394945]",189.4108436,6.536554631,unfurled_paintings_60_61
533,0,0.494621998,214.3915166,"[220.08880121816168, 215.19181662975268, 189.68767534145442]",220.0888012,6.736022485,unfurled_paintings_60_61
534,9.74E-06,0.935749834,202.31738,"[211.96974761255115, 202.7342891249269, 169.76520902358214]",211.9697476,7.130466334,unfurled_paintings_60_61
535,0.000130133,0.630785763,147.4697002,"[159.7962659051475, 147.00245806824753, 115.80133024869868]",159.7962659,7.079349371,unfurled_paintings_60_61
536,0,0.559971158,212.4590189,"[239.39208117787504, 208.53465479506565, 172.02600228810186]",239.3920812,4.422981314,unfurled_paintings_60_61
537,2.95E-05,0.949738047,193.7928037,"[200.08635783061504, 192.90813764983298, 184.02415504028298]",200.0863578,7.242132029,unfurled_paintings_60_61
538,0.000778547,0.991002733,198.9797174,"[209.2977465397924, 197.6618079584775, 181.65223615916955]",209.2977465,6.748086759,unfurled_paintings_60_61
539,3.82E-05,0.780523172,212.658541,"[217.83865625, 212.39141666666666, 200.05126736111112]",217.8386563,6.002526907,unfurled_paintings_60_61
540,3.46E-05,0.896670715,204.4422568,"[227.54878337422429, 200.51722037812095, 175.28350988598643]",227.5487834,6.942602781,unfurled_paintings_60_61
541,2.73E-05,0.802743244,144.9319725,"[176.15944429298438, 140.91750272628136, 92.74621501272264]",176.1594443,6.975558235,unfurled_paintings_60_61
542,0.000868726,0.909541643,206.7690232,"[218.7888923745174, 204.66522683397685, 192.21515926640927]",218.7888924,6.27129477,unfurled_paintings_60_61
543,0.000542857,0.926386675,207.2201317,"[229.22136666666665, 205.68564285714285, 157.63569761904762]",229.2213667,6.622567788,unfurled_paintings_60_61
544,0.000822628,0.896220694,189.9515308,"[200.04308654496282, 189.49376831192248, 164.7704642776651]",200.0430865,6.761902338,unfurled_paintings_60_61
545,0.00256785,1,197.9158872,"[202.80327766179542, 197.5353105427975, 187.29440762004177]",202.8032777,6.73365645,unfurled_paintings_60_61
546,0.001142361,0.869804807,192.5732265,"[201.148287723203, 191.25320788439814, 180.39897904125988]",201.1482877,6.007755508,unfurled_paintings_60_61
547,0.001806701,0.808707318,206.8615316,"[220.4328737113402, 204.07980927835052, 194.45461340206185]",220.4328737,5.866461416,unfurled_paintings_60_61
548,0,0.625884008,206.1251687,"[234.93688696172248, 202.60627392344497, 156.14375897129187]",234.936887,6.610996496,unfurled_paintings_60_61
549,0.000471939,0.987206114,203.3767878,"[219.3907168367347, 201.18976275510204, 177.8864693877551]",219.3907168,6.7524581,unfurled_paintings_60_61
550,0.003076531,1,203.5835328,"[207.31608163265307, 202.8175892857143, 200.1799719387755]",207.3160816,6.524833403,unfurled_paintings_60_61
551,0.002159702,0.90158995,186.7278599,"[196.00606987084032, 186.19103855780503, 164.72491260864516]",196.0060699,6.968096144,unfurled_paintings_60_61
552,0.000302734,0.950608228,201.009203,"[214.83800048828124, 200.12156005859376, 169.08177734375]",214.8380005,6.540653508,unfurled_paintings_60_61
553,0.001145143,0.992851595,172.5082536,"[181.5498537527594, 172.202853200883, 148.90961368653421]",181.5498538,6.684669252,unfurled_paintings_60_61
554,0.003118885,0.916744151,187.6259823,"[193.9302813111546, 186.49341242661447, 180.28138454011741]",193.9302813,6.826103256,unfurled_paintings_60_61
555,4.84E-05,0.97234082,217.063779,"[225.79115328820117, 216.1174081237911, 200.73974371373308]",225.7911533,5.958212066,unfurled_paintings_60_61
556,0.00022619,0.924793869,199.0581911,"[214.7075142857143, 196.47659047619047, 178.55008333333333]",214.7075143,6.679117857,unfurled_paintings_60_61
557,0.001332117,1,186.2669239,"[187.47662408759123, 187.04872718978103, 174.9604425182482]",187.4766241,7.306831697,unfurled_paintings_60_61
558,0.001363169,1,202.6890087,"[209.3627906378601, 201.86607767489713, 191.1892052469136]",209.3627906,6.477748076,unfurled_paintings_60_61
559,0.000770915,0.932061238,195.5215253,"[208.43113447218573, 193.82190684771498, 174.34402102496716]",208.4311345,6.645541221,unfurled_paintings_60_61
560,0.00178733,0.994916483,228.7739247,"[235.2691101055807, 227.9692684766214, 217.6189894419306]",235.2691101,4.837494999,unfurled_paintings_60_61
561,0.001828973,0.994994577,204.6423138,"[219.8797601744186, 202.90106589147288, 177.02263808139534]",219.8797602,4.926327844,unfurled_paintings_60_61
562,2.38E-05,0.868340212,214.3950697,"[230.35231726694914, 211.8610460805085, 192.5089592161017]",230.3523173,6.015594127,unfurled_paintings_60_61
563,0.000304816,1,201.1804929,"[204.58107581967212, 200.6433094262295, 196.4883837090164]",204.5810758,6.4117541,unfurled_paintings_60_61
564,0.000377907,0.829024548,203.1825415,"[212.83598110465115, 202.95269379844962, 177.03386870155038]",212.8359811,6.599166538,unfurled_paintings_60_61
565,0.000288275,0.925886739,197.4323631,"[212.43579941860466, 195.36334302325582, 173.7486046511628]",212.4357994,6.612055468,unfurled_paintings_60_61
566,0.004150105,0.935477353,189.5500786,"[195.7059911087866, 187.9796940376569, 186.97933054393306]",195.7059911,6.334754142,unfurled_paintings_60_61
567,0.003426276,0.815387222,210.7743012,"[213.95142013232515, 211.02148629489602, 198.9703922495274]",213.9514201,5.929974145,unfurled_paintings_60_61
568,0.002773522,0.994384439,206.2417919,"[217.24784291212916, 204.12683503767772, 194.78376901609127]",217.2478429,6.239401297,unfurled_paintings_60_61
569,0.000830399,0.948498261,208.5322969,"[217.1011502347418, 206.89274647887325, 199.54155223004696]",217.1011502,5.866910468,unfurled_paintings_60_61
570,0.000686663,0.961132658,215.8849272,"[229.0707302038141, 213.3056119104841, 202.60825868472799]",229.0707302,4.697529521,unfurled_paintings_60_61
571,0.000215054,0.826780893,202.2403068,"[219.39639112903225, 199.2057560483871, 181.78223454301076]",219.3963911,6.391362115,unfurled_paintings_60_61
572,0.00061747,0.965899742,176.9125365,"[194.41806475903616, 175.17513177710845, 142.57620105421688]",194.4180648,7.183730006,unfurled_paintings_60_61
573,0.004027207,0.853332928,191.4201484,"[208.31666324435318, 187.84827258726898, 177.0490477412731]",208.3166632,6.200599197,unfurled_paintings_60_61
574,4.89E-05,0.963921323,190.1123487,"[196.82739990689012, 189.95340083798882, 171.91372905027933]",196.8273999,6.541421353,unfurled_paintings_60_61
575,0.002410055,0.981824724,215.385206,"[226.98724861623617, 213.03241697416973, 204.52814806273062]",226.9872486,5.626126765,unfurled_paintings_60_61
576,0.003207692,0.998865202,200.0479345,"[208.5067923076923, 200.51958461538462, 170.4679153846154]",208.5067923,6.504245829,unfurled_paintings_60_61
577,0.000302182,0.846867857,214.7724645,"[224.69544270833333, 213.41258844339623, 199.02396324685535]",224.6954427,5.344024895,unfurled_paintings_60_61
578,0.000331292,0.733432058,220.4965309,"[228.80607182628063, 219.25573496659243, 208.31936804008907]",228.8060718,6.173789149,unfurled_paintings_60_61
579,2.63E-06,0.660483477,201.5063624,"[209.38397894736843, 199.5291447368421, 197.89590263157893]",209.3839789,5.992453721,unfurled_paintings_60_61
580,0.000429126,0.920769607,195.1284463,"[198.34137411549875, 196.41252225519287, 172.9478429582287]",198.3413741,6.745892737,unfurled_paintings_60_61
581,0.000518293,0.987185607,181.6579688,"[186.63431233062332, 180.5407689701897, 178.071412601626]",186.6343123,7.403991311,unfurled_paintings_60_61
582,0.007138365,0.80269059,100.3659651,"[107.49186320754717, 99.563928197065, 87.32788784067085]",107.4918632,6.985961805,early_paintings_34_53
583,0.016404637,1,193.0248635,"[191.86731039984983, 193.12616622864653, 195.42990660784682]",191.8673104,7.04795283,early_paintings_34_53
584,0.017002839,0.998868092,94.57547661,"[114.38019865161057, 90.83401538902606, 73.32075576394861]",114.3801987,7.57470772,early_paintings_34_53
585,0.002155172,0.718573322,106.3438297,"[128.3253776683087, 100.88732348111658, 95.6681527093596]",128.3253777,7.271220537,early_paintings_34_53
586,0.011867159,1,127.1964513,"[156.34935035842295, 120.49985999103943, 107.68808243727598]",156.3493504,7.811949924,early_paintings_34_53
587,0.003115214,0.828348053,89.40987265,"[97.76889026617954, 88.32570459290189, 75.53549386743215]",97.76889027,6.38353169,early_paintings_34_53
588,0.000971178,0.820140954,143.6817798,"[155.83640350877192, 141.7642282790309, 126.88621031746031]",155.8364035,7.448017267,early_paintings_34_53
589,0.018844492,1,182.3084839,"[186.01055229867325, 181.83810552298672, 176.06686207960507]",186.0105523,7.081291467,early_paintings_34_53
590,0.007301502,0.821502917,112.2523698,"[123.77599785407725, 110.31031115879829, 97.55759120171673]",123.7759979,7.168794679,early_paintings_34_53
591,0.004238959,0.835039876,128.9967479,"[150.54580892293825, 124.46286897251014, 110.45519378098243]",150.5458089,7.562043507,early_paintings_34_53
592,0.004538578,0.980971895,151.558535,"[109.7583936676032, 160.77439755781285, 183.35251242705857]",109.7583937,7.658885175,early_paintings_34_53
593,0.042446634,1,73.98894364,"[76.8298696633826, 74.66315681444992, 58.944925082101804]",76.82986966,7.103882263,early_paintings_34_53
594,0.002545849,0.874863922,104.5257463,"[128.5775428330116, 98.8649704391892, 89.77747647200772]",128.5775428,7.469321426,early_paintings_34_53
595,0.010701663,0.995010128,144.6814355,"[169.80407224532223, 144.26031704781704, 74.8768840956341]",169.8040722,7.9255319,early_paintings_34_53
596,0.008627892,1,134.0891219,"[134.92789891663605, 138.29463597135512, 89.96020703268454]",134.9278989,7.877467735,early_paintings_34_53
597,0.002432007,0.832362264,156.3790571,"[182.28623753019008, 152.71294760054604, 116.40862753334034]",182.2862375,7.584317247,early_paintings_34_53
598,0.000531531,0.888696947,89.32448012,"[96.50986842105263, 87.66978899229781, 84.55746550064185]",96.50986842,6.922391169,early_paintings_34_53
599,0.000523169,0.902756433,85.23104072,"[92.25960922485586, 84.11296177663891, 75.6102151398676]",92.25960922,7.03798365,early_paintings_34_53
600,0.010299275,0.905962369,91.54803801,"[98.70471070040954, 89.39066680667857, 91.84503622807938]",98.7047107,7.371645447,early_paintings_34_53
601,0.005539825,1,175.147634,"[186.99066952868102, 172.1805991962002, 169.6655553525758]",186.9906695,7.567385986,early_paintings_34_53
602,0.003488629,1,178.0787036,"[189.53966383307574, 179.88390097151688, 126.44882424376242]",189.5396638,7.709788482,early_paintings_34_53
603,0.016069867,1,62.76974316,"[60.13738946652415, 63.47888932076572, 63.49629530657857]",60.13738947,6.86490169,early_paintings_34_53
604,0.001874596,1,182.8894769,"[192.7598375888817, 183.52596961861667, 147.52024886877828]",192.7598376,7.597512136,early_paintings_34_53
605,0.005511905,0.765035339,82.5719454,"[89.2313253968254, 81.72095634920635, 71.3924880952381]",89.2313254,6.700757309,early_paintings_34_53
606,0.003051647,0.787063468,89.64425245,"[115.63748676732372, 83.33455162665815, 75.60736062073819]",115.6374868,7.240675287,early_paintings_34_53
607,0.005438257,0.975742776,84.34486085,"[84.07409685230024, 85.81806295399515, 70.54888135593221]",84.07409685,7.231959661,early_paintings_34_53
608,0.008828726,1,83.55022864,"[88.53236267668635, 81.70781054303096, 87.13050187869028]",88.53236268,7.260465918,early_paintings_34_53
609,0.007812351,0.84208155,100.5973803,"[89.26092235324032, 103.711890156692, 103.12693004481454]",89.26092235,7.232052379,early_paintings_34_53
610,0.030765833,0.912666109,80.0467362,"[82.03319019458691, 79.6475547812431, 78.15164527764827]",82.03319019,6.639213761,early_paintings_34_53
611,0.012449141,1,141.9409869,"[112.82079283453888, 148.53427893309222, 162.37631668173597]",112.8207928,7.916166172,early_paintings_34_53
612,0.002563025,1,122.3307992,"[105.28145891690009, 129.05006069094304, 105.97448179271709]",105.2814589,7.670836704,early_paintings_34_53
613,0.014597105,0.788255817,69.93939674,"[68.41988937498796, 69.51346194615222, 78.63296779540154]",68.41988937,6.650901439,early_paintings_34_53
614,0.003536029,0.945048617,62.78458864,"[60.22227422907489, 64.86283039647577, 49.742892542479545]",60.22227423,6.57055506,early_paintings_34_53
615,0.030981147,0.926140445,89.19421873,"[90.89431159146302, 88.8183536830104, 87.91137856216298]",90.89431159,7.133540757,early_paintings_34_53
616,0.001564408,1,154.9690739,"[153.0355692918193, 156.3113324175824, 147.36630036630038]",153.0355693,7.617283233,early_paintings_34_53
617,0.001409524,0.95635971,123.3093401,"[134.96799523809523, 121.22554523809524, 109.6209738095238]",134.9679952,7.377686486,early_paintings_34_53
618,0.014004499,1,163.9927952,"[161.05888990438694, 163.2326349831271, 180.16197623734533]",161.0588899,7.682174496,early_paintings_34_53
619,0.000200416,0.818806959,102.1673832,"[144.73614625347597, 92.38328281183456, 73.73898339053537]",144.7361463,7.254577757,early_paintings_34_53
620,0.001311575,0.769209267,113.1295022,"[109.81955162421839, 114.41476793248945, 110.1443698846017]",109.8195516,7.27700338,early_paintings_34_53
621,0.011333819,0.992730728,92.94408304,"[98.27298347910593, 91.89214447683835, 87.67292274052478]",98.27298348,7.467009555,early_paintings_34_53
622,0.011342229,1,89.28718184,"[77.81881377551021, 92.80251177394034, 88.23470368916797]",77.81881378,7.668405643,early_paintings_34_53
623,0.010676613,0.992790008,111.470843,"[116.34867233060004, 110.09239908035089, 110.76220853931697]",116.3486723,7.421868701,early_paintings_34_53
624,0.004835289,1,181.8764454,"[195.43212319494586, 184.97042193140794, 111.31205324909747]",195.4321232,7.606138336,early_paintings_34_53
625,0.000618054,0.910497774,137.8867116,"[154.6208058477447, 136.18638497652583, 105.45465026445594]",154.6208058,7.119864623,early_paintings_34_53
626,0.000683446,0.82326366,140.1204443,"[176.16726591982885, 132.37602393050645, 110.69184520448896]",176.1672659,7.574580399,early_paintings_34_53
627,0.000332803,1,162.6192154,"[158.03652394198292, 168.67555632823365, 116.12039539042321]",158.0365239,7.553890631,early_paintings_34_53
628,0.016273522,0.96430511,86.79471875,"[97.89785494392366, 84.41015907268641, 77.72145452025777]",97.89785494,7.39254224,early_paintings_34_53
629,0.000137609,0.75502584,171.0153767,"[173.09784306195596, 172.66251280081926, 148.56712109575014]",173.0978431,7.29272609,early_paintings_34_53
630,0.027670762,1,138.8096628,"[171.53599802165763, 131.0239353394419, 119.56774260724698]",171.535998,7.85801843,early_paintings_34_53
631,0.005934685,0.750161465,139.5441377,"[144.5663188993182, 138.96573545185632, 130.48537855422313]",144.5663189,6.566459776,early_paintings_34_53
632,0.026548397,0.97232928,107.8859372,"[111.2984243697479, 110.27459539371304, 74.17592203548085]",111.2984244,7.397249344,early_paintings_34_53
633,0.002844501,1,139.0956296,"[140.95175674252002, 139.8811209439528, 125.84914664981036]",140.9517567,7.370163976,early_paintings_34_53
634,0.002217069,0.912823642,129.5284406,"[140.14535250463823, 127.31927643784786, 120.1494758812616]",140.1453525,7.321395671,early_paintings_34_53
635,0.004492363,0.93961206,94.31884424,"[96.14181266846361, 94.43038522012579, 87.84602987421384]",96.14181267,7.329372867,early_paintings_34_53
636,0.00034204,0.919069691,52.75497306,"[58.707918739635154, 51.75652985074627, 45.11633499170813]",58.70791874,5.732744044,early_paintings_34_53
637,0.00590052,1,133.3392506,"[140.75166728590006, 132.18152981608768, 122.98083085639978]",140.7516673,7.949809342,early_paintings_34_53
638,0.006196809,0.990585639,84.2096589,"[89.18321048632218, 82.88995440729484, 82.63729863221884]",89.18321049,6.880840819,early_paintings_34_53
639,0.002537401,0.835565013,91.08075436,"[100.8335252273394, 90.219701525374, 70.89219345849223]",100.8335252,7.18773068,early_paintings_34_53
640,0.002462121,0.865572465,95.17950408,"[103.86582386363636, 94.93758207070707, 71.99821654040404]",103.8658239,7.263487708,early_paintings_34_53
641,0.019391741,0.991697356,118.6323946,"[131.52293247767858, 116.29986328125, 103.78056640625]",131.5229325,7.808094769,early_paintings_34_53
642,0.000750856,0.925030686,136.6283937,"[153.06025132275133, 133.76850295673825, 116.57272798008093]",153.0602513,7.409440105,early_paintings_34_53
643,0.003582696,0.744174134,102.0840076,"[102.32419933078394, 103.85546606118547, 83.82899617590822]",102.3241993,7.125900539,early_paintings_34_53
644,0.002445437,0.897817242,143.6228889,"[147.6564310515873, 143.982904265873, 128.1794816468254]",147.6564311,7.606689119,early_paintings_34_53
645,0.013211171,0.987276753,111.2182775,"[150.12813278654485, 101.75895193106312, 90.34673224667775]",150.1281328,7.663340667,early_paintings_34_53
646,0.024594698,1,138.3085534,"[168.43807219149343, 132.8898769788289, 103.26563990082015]",168.4380722,7.808008025,veil_paintings_54
647,0.00327381,0.820451602,92.04288453,"[97.59961814914645, 90.89629941599281, 87.03839847259658]",97.59961815,7.203405638,veil_paintings_54
648,0,0.571423358,142.2980907,"[187.59552079781793, 132.86766535969997, 102.33142260484146]",187.5955208,7.488017502,veil_paintings_54
649,0.004929435,0.935806992,98.0246926,"[139.3120060483871, 91.5533064516129, 40.5545060483871]",139.312006,7.719079047,veil_paintings_54
650,0.000297619,0.71769828,138.6393724,"[158.86574260752687, 134.63650393625193, 118.7325196812596]",158.8657426,6.284798383,veil_paintings_54
651,0.000810403,0.946648424,137.7324873,"[168.35003298153035, 129.86109121748964, 125.548723143611]",168.350033,7.501054588,veil_paintings_54
652,0.003681139,0.925970342,62.80781733,"[75.89690943043884, 59.159012605042015, 60.41009103641456]",75.89690943,6.622160388,veil_paintings_54
653,0,0.609042372,155.5856687,"[172.57942608861725, 153.119368315508, 129.97659950343774]",172.5794261,7.337378714,veil_paintings_54
654,7.20E-06,0.672509418,139.8941615,"[149.92861703149, 137.7499951996928, 131.58643913210446]",149.928617,7.183483847,veil_paintings_54
655,0.000491131,0.736152976,133.6784608,"[126.93827007438489, 137.79337688346368, 112.76400915506389]",126.9382701,7.311879634,veil_paintings_54
656,3.33E-06,0.689127494,124.8816087,"[171.68230333333332, 114.21518333333333, 92.73202]",171.6823033,7.682992536,veil_paintings_54
657,0.019734995,0.996106418,114.1200856,"[115.25238241488242, 114.56966040716041, 106.33252018252018]",115.2523824,7.592247067,veil_paintings_54
658,0,0.531444248,132.1234155,"[154.1702682884748, 127.41591183574879, 113.83596014492754]",154.1702683,6.596941578,veil_paintings_54
659,0.008637666,0.81156975,116.1869607,"[123.14953007518797, 114.21477354099534, 115.22111528822055]",123.1495301,7.370576238,veil_paintings_54
660,0,0.628485598,162.3856299,"[164.89281003768414, 162.35095923261392, 155.34643285371703]",164.89281,6.839827977,veil_paintings_54
661,0,0.665232497,132.6722214,"[126.07430467762326, 134.2242572692794, 136.7262523704172]",126.0743047,7.187338935,veil_paintings_54
662,0.005867956,0.984506967,84.60463534,"[105.18944603629417, 77.72557306590258, 92.13336914995224]",105.189446,7.055537485,veil_paintings_54
